ISO-10303-21;
HEADER;
FILE_DESCRIPTION(('FreeCAD Model'),'2;1');
FILE_NAME('Open CASCADE Shape Model','2026-07-29T07:11:04',('FreeCAD'),(
    'FreeCAD'),'Open CASCADE STEP processor 7.8','FreeCAD','Unknown');
FILE_SCHEMA(('AUTOMOTIVE_DESIGN { 1 0 10303 214 1 1 1 1 }'));
ENDSEC;
DATA;
#1 = APPLICATION_PROTOCOL_DEFINITION('international standard',
  'automotive_design',2000,#2);
#2 = APPLICATION_CONTEXT(
  'core data for automotive mechanical design processes');
#3 = SHAPE_DEFINITION_REPRESENTATION(#4,#10);
#4 = PRODUCT_DEFINITION_SHAPE('','',#5);
#5 = PRODUCT_DEFINITION('design','',#6,#9);
#6 = PRODUCT_DEFINITION_FORMATION('','',#7);
#7 = PRODUCT('Open CASCADE STEP translator 7.8 1',
  'Open CASCADE STEP translator 7.8 1','',(#8));
#8 = PRODUCT_CONTEXT('',#2,'mechanical');
#9 = PRODUCT_DEFINITION_CONTEXT('part definition',#2,'design');
#10 = ADVANCED_BREP_SHAPE_REPRESENTATION('',(#11,#15),#3743);
#11 = AXIS2_PLACEMENT_3D('',#12,#13,#14);
#12 = CARTESIAN_POINT('',(0.,0.,0.));
#13 = DIRECTION('',(0.,0.,1.));
#14 = DIRECTION('',(1.,0.,-0.));
#15 = MANIFOLD_SOLID_BREP('',#16);
#16 = CLOSED_SHELL('',(#17,#57,#88,#119,#840,#1561,#1578,#1595,#1612,
    #1629,#1646,#1663,#1680,#1697,#1714,#1731,#1748,#1765,#1782,#1799,
    #1816,#1833,#1850,#1884,#1909,#1934,#1959,#1984,#2009,#2034,#2059,
    #2084,#2116,#2133,#2150,#2167,#2184,#2201,#2218,#2235,#2252,#2269,
    #2286,#2303,#2320,#2337,#2354,#2371,#2388,#2423,#2448,#2480,#2497,
    #2514,#2531,#2548,#2565,#2582,#2599,#2616,#2633,#2650,#2684,#2709,
    #2734,#2759,#2793,#2818,#2843,#2868,#2900,#2917,#2934,#2951,#2968,
    #2985,#3002,#3019,#3036,#3053,#3070,#3087,#3104,#3121,#3138,#3155,
    #3172,#3189,#3206,#3223,#3240,#3257,#3274,#3291,#3303,#3328,#3353,
    #3378,#3403,#3428,#3453,#3478,#3496,#3513,#3538,#3563,#3588,#3613,
    #3638,#3663,#3681,#3731));
#17 = ADVANCED_FACE('',(#18),#52,.T.);
#18 = FACE_BOUND('',#19,.T.);
#19 = EDGE_LOOP('',(#20,#30,#38,#46));
#20 = ORIENTED_EDGE('',*,*,#21,.T.);
#21 = EDGE_CURVE('',#22,#24,#26,.T.);
#22 = VERTEX_POINT('',#23);
#23 = CARTESIAN_POINT('',(0.,0.,0.));
#24 = VERTEX_POINT('',#25);
#25 = CARTESIAN_POINT('',(0.,0.,30.));
#26 = LINE('',#27,#28);
#27 = CARTESIAN_POINT('',(0.,0.,0.));
#28 = VECTOR('',#29,1.);
#29 = DIRECTION('',(0.,0.,1.));
#30 = ORIENTED_EDGE('',*,*,#31,.T.);
#31 = EDGE_CURVE('',#24,#32,#34,.T.);
#32 = VERTEX_POINT('',#33);
#33 = CARTESIAN_POINT('',(0.,4.,30.));
#34 = LINE('',#35,#36);
#35 = CARTESIAN_POINT('',(0.,0.,30.));
#36 = VECTOR('',#37,1.);
#37 = DIRECTION('',(0.,1.,0.));
#38 = ORIENTED_EDGE('',*,*,#39,.F.);
#39 = EDGE_CURVE('',#40,#32,#42,.T.);
#40 = VERTEX_POINT('',#41);
#41 = CARTESIAN_POINT('',(0.,4.,0.));
#42 = LINE('',#43,#44);
#43 = CARTESIAN_POINT('',(0.,4.,0.));
#44 = VECTOR('',#45,1.);
#45 = DIRECTION('',(0.,0.,1.));
#46 = ORIENTED_EDGE('',*,*,#47,.F.);
#47 = EDGE_CURVE('',#22,#40,#48,.T.);
#48 = LINE('',#49,#50);
#49 = CARTESIAN_POINT('',(0.,0.,0.));
#50 = VECTOR('',#51,1.);
#51 = DIRECTION('',(0.,1.,0.));
#52 = PLANE('',#53);
#53 = AXIS2_PLACEMENT_3D('',#54,#55,#56);
#54 = CARTESIAN_POINT('',(0.,0.,0.));
#55 = DIRECTION('',(-1.,0.,0.));
#56 = DIRECTION('',(0.,1.,0.));
#57 = ADVANCED_FACE('',(#58),#83,.T.);
#58 = FACE_BOUND('',#59,.T.);
#59 = EDGE_LOOP('',(#60,#70,#76,#77));
#60 = ORIENTED_EDGE('',*,*,#61,.T.);
#61 = EDGE_CURVE('',#62,#64,#66,.T.);
#62 = VERTEX_POINT('',#63);
#63 = CARTESIAN_POINT('',(4.,0.,0.));
#64 = VERTEX_POINT('',#65);
#65 = CARTESIAN_POINT('',(4.,0.,30.));
#66 = LINE('',#67,#68);
#67 = CARTESIAN_POINT('',(4.,0.,0.));
#68 = VECTOR('',#69,1.);
#69 = DIRECTION('',(0.,0.,1.));
#70 = ORIENTED_EDGE('',*,*,#71,.T.);
#71 = EDGE_CURVE('',#64,#24,#72,.T.);
#72 = LINE('',#73,#74);
#73 = CARTESIAN_POINT('',(4.,0.,30.));
#74 = VECTOR('',#75,1.);
#75 = DIRECTION('',(-1.,0.,0.));
#76 = ORIENTED_EDGE('',*,*,#21,.F.);
#77 = ORIENTED_EDGE('',*,*,#78,.F.);
#78 = EDGE_CURVE('',#62,#22,#79,.T.);
#79 = LINE('',#80,#81);
#80 = CARTESIAN_POINT('',(4.,0.,0.));
#81 = VECTOR('',#82,1.);
#82 = DIRECTION('',(-1.,0.,0.));
#83 = PLANE('',#84);
#84 = AXIS2_PLACEMENT_3D('',#85,#86,#87);
#85 = CARTESIAN_POINT('',(4.,0.,0.));
#86 = DIRECTION('',(0.,-1.,0.));
#87 = DIRECTION('',(-1.,0.,0.));
#88 = ADVANCED_FACE('',(#89),#114,.T.);
#89 = FACE_BOUND('',#90,.T.);
#90 = EDGE_LOOP('',(#91,#92,#100,#108));
#91 = ORIENTED_EDGE('',*,*,#39,.T.);
#92 = ORIENTED_EDGE('',*,*,#93,.T.);
#93 = EDGE_CURVE('',#32,#94,#96,.T.);
#94 = VERTEX_POINT('',#95);
#95 = CARTESIAN_POINT('',(1.639836278462E-02,4.627129811545,30.));
#96 = LINE('',#97,#98);
#97 = CARTESIAN_POINT('',(0.,4.,30.));
#98 = VECTOR('',#99,1.);
#99 = DIRECTION('',(2.613934039003E-02,0.999658309066,0.));
#100 = ORIENTED_EDGE('',*,*,#101,.F.);
#101 = EDGE_CURVE('',#102,#94,#104,.T.);
#102 = VERTEX_POINT('',#103);
#103 = CARTESIAN_POINT('',(1.639836278462E-02,4.627129811545,0.));
#104 = LINE('',#105,#106);
#105 = CARTESIAN_POINT('',(1.639836278462E-02,4.627129811545,0.));
#106 = VECTOR('',#107,1.);
#107 = DIRECTION('',(0.,0.,1.));
#108 = ORIENTED_EDGE('',*,*,#109,.F.);
#109 = EDGE_CURVE('',#40,#102,#110,.T.);
#110 = LINE('',#111,#112);
#111 = CARTESIAN_POINT('',(0.,4.,0.));
#112 = VECTOR('',#113,1.);
#113 = DIRECTION('',(2.613934039003E-02,0.999658309066,0.));
#114 = PLANE('',#115);
#115 = AXIS2_PLACEMENT_3D('',#116,#117,#118);
#116 = CARTESIAN_POINT('',(0.,4.,0.));
#117 = DIRECTION('',(-0.999658309066,2.613934039003E-02,0.));
#118 = DIRECTION('',(2.613934039003E-02,0.999658309066,0.));
#119 = ADVANCED_FACE('',(#120),#835,.T.);
#120 = FACE_BOUND('',#121,.T.);
#121 = EDGE_LOOP('',(#122,#123,#124,#125,#133,#141,#149,#157,#165,#173,
    #181,#189,#197,#205,#213,#221,#229,#237,#245,#253,#261,#269,#277,
    #285,#293,#301,#309,#317,#325,#333,#341,#349,#357,#365,#373,#381,
    #389,#397,#405,#413,#421,#429,#437,#445,#453,#461,#469,#477,#485,
    #493,#501,#509,#517,#525,#533,#541,#549,#557,#565,#573,#581,#589,
    #597,#605,#613,#621,#629,#637,#645,#653,#661,#669,#677,#685,#693,
    #701,#709,#717,#725,#733,#741,#749,#757,#765,#773,#781,#789,#797,
    #805,#813,#821,#829));
#122 = ORIENTED_EDGE('',*,*,#78,.T.);
#123 = ORIENTED_EDGE('',*,*,#47,.T.);
#124 = ORIENTED_EDGE('',*,*,#109,.T.);
#125 = ORIENTED_EDGE('',*,*,#126,.T.);
#126 = EDGE_CURVE('',#102,#127,#129,.T.);
#127 = VERTEX_POINT('',#128);
#128 = CARTESIAN_POINT('',(6.554863342149E-02,5.252545639397,0.));
#129 = LINE('',#130,#131);
#130 = CARTESIAN_POINT('',(1.639836278462E-02,4.627129811545,0.));
#131 = VECTOR('',#132,1.);
#132 = DIRECTION('',(7.834658077232E-02,0.996926182464,0.));
#133 = ORIENTED_EDGE('',*,*,#134,.T.);
#134 = EDGE_CURVE('',#127,#135,#137,.T.);
#135 = VERTEX_POINT('',#136);
#136 = CARTESIAN_POINT('',(0.147316481249,5.874538184282,0.));
#137 = LINE('',#138,#139);
#138 = CARTESIAN_POINT('',(6.554863342149E-02,5.252545639397,0.));
#139 = VECTOR('',#140,1.);
#140 = DIRECTION('',(0.130339695212,0.991469396326,0.));
#141 = ORIENTED_EDGE('',*,*,#142,.T.);
#142 = EDGE_CURVE('',#135,#143,#145,.T.);
#143 = VERTEX_POINT('',#144);
#144 = CARTESIAN_POINT('',(0.261478429795,6.491407502967,0.));
#145 = LINE('',#146,#147);
#146 = CARTESIAN_POINT('',(0.147316481249,5.874538184282,0.));
#147 = VECTOR('',#148,1.);
#148 = DIRECTION('',(0.181976583384,0.983302864381,0.));
#149 = ORIENTED_EDGE('',*,*,#150,.T.);
#150 = EDGE_CURVE('',#143,#151,#153,.T.);
#151 = VERTEX_POINT('',#152);
#152 = CARTESIAN_POINT('',(0.407722467552,7.101467654306,0.));
#153 = LINE('',#154,#155);
#154 = CARTESIAN_POINT('',(0.261478429795,6.491407502967,0.));
#155 = VECTOR('',#156,1.);
#156 = DIRECTION('',(0.233116118551,0.972448906253,0.));
#157 = ORIENTED_EDGE('',*,*,#158,.T.);
#158 = EDGE_CURVE('',#151,#159,#161,.T.);
#159 = VERTEX_POINT('',#160);
#160 = CARTESIAN_POINT('',(0.585648900722,7.703051307018,0.));
#161 = LINE('',#162,#163);
#162 = CARTESIAN_POINT('',(0.407722467552,7.101467654306,0.));
#163 = VECTOR('',#164,1.);
#164 = DIRECTION('',(0.28361853327,0.958937186465,0.));
#165 = ORIENTED_EDGE('',*,*,#166,.T.);
#166 = EDGE_CURVE('',#159,#167,#169,.T.);
#167 = VERTEX_POINT('',#168);
#168 = CARTESIAN_POINT('',(0.794771445604,8.294514296607,0.));
#169 = LINE('',#170,#171);
#170 = CARTESIAN_POINT('',(0.585648900722,7.703051307018,0.));
#171 = VECTOR('',#172,1.);
#172 = DIRECTION('',(0.333345801389,0.942804633366,0.));
#173 = ORIENTED_EDGE('',*,*,#174,.T.);
#174 = EDGE_CURVE('',#167,#175,#177,.T.);
#175 = VERTEX_POINT('',#176);
#176 = CARTESIAN_POINT('',(1.03451855764,8.874240118958,0.));
#177 = LINE('',#178,#179);
#178 = CARTESIAN_POINT('',(0.794771445604,8.294514296607,0.));
#179 = VECTOR('',#180,1.);
#180 = DIRECTION('',(0.382162015278,0.924095338198,0.));
#181 = ORIENTED_EDGE('',*,*,#182,.T.);
#182 = EDGE_CURVE('',#175,#183,#185,.T.);
#183 = VERTEX_POINT('',#184);
#184 = CARTESIAN_POINT('',(1.304234993476,9.440644348349,0.));
#185 = LINE('',#186,#187);
#186 = CARTESIAN_POINT('',(1.03451855764,8.874240118958,0.));
#187 = VECTOR('',#188,1.);
#188 = DIRECTION('',(0.429933757272,0.902860434596,0.));
#189 = ORIENTED_EDGE('',*,*,#190,.T.);
#190 = EDGE_CURVE('',#183,#191,#193,.T.);
#191 = VERTEX_POINT('',#192);
#192 = CARTESIAN_POINT('',(1.603183601784,9.992178967771,0.));
#193 = LINE('',#194,#195);
#194 = CARTESIAN_POINT('',(1.304234993476,9.440644348349,0.));
#195 = VECTOR('',#196,1.);
#196 = DIRECTION('',(0.476530464311,0.879157958835,0.));
#197 = ORIENTED_EDGE('',*,*,#198,.T.);
#198 = EDGE_CURVE('',#191,#199,#201,.T.);
#199 = VERTEX_POINT('',#200);
#200 = CARTESIAN_POINT('',(1.930547337943,10.527336599763,0.));
#201 = LINE('',#202,#203);
#202 = CARTESIAN_POINT('',(1.603183601784,9.992178967771,0.));
#203 = VECTOR('',#204,1.);
#204 = DIRECTION('',(0.521824784779,0.853052691216,0.));
#205 = ORIENTED_EDGE('',*,*,#206,.T.);
#206 = EDGE_CURVE('',#199,#207,#209,.T.);
#207 = VERTEX_POINT('',#208);
#208 = CARTESIAN_POINT('',(2.285431497068,11.044654626158,0.));
#209 = LINE('',#210,#211);
#210 = CARTESIAN_POINT('',(1.930547337943,10.527336599763,0.));
#211 = VECTOR('',#212,1.);
#212 = DIRECTION('',(0.565692926558,0.824615979012,0.));
#213 = ORIENTED_EDGE('',*,*,#214,.T.);
#214 = EDGE_CURVE('',#207,#215,#217,.T.);
#215 = VERTEX_POINT('',#216);
#216 = CARTESIAN_POINT('',(2.666866159294,11.542719185511,0.));
#217 = LINE('',#218,#219);
#218 = CARTESIAN_POINT('',(2.285431497068,11.044654626158,0.));
#219 = VECTOR('',#220,1.);
#220 = DIRECTION('',(0.608014995365,0.793925541478,0.));
#221 = ORIENTED_EDGE('',*,*,#222,.T.);
#222 = EDGE_CURVE('',#215,#223,#225,.T.);
#223 = VERTEX_POINT('',#224);
#224 = CARTESIAN_POINT('',(3.073808840626,12.020169037266,0.));
#225 = LINE('',#226,#227);
#226 = CARTESIAN_POINT('',(2.666866159294,11.542719185511,0.));
#227 = VECTOR('',#228,1.);
#228 = DIRECTION('',(0.648675322426,0.761065257436,0.));
#229 = ORIENTED_EDGE('',*,*,#230,.T.);
#230 = EDGE_CURVE('',#223,#231,#233,.T.);
#231 = VERTEX_POINT('',#232);
#232 = CARTESIAN_POINT('',(3.505147342111,12.47569928211,0.));
#233 = LINE('',#234,#235);
#234 = CARTESIAN_POINT('',(3.073808840626,12.020169037266,0.));
#235 = VECTOR('',#236,1.);
#236 = DIRECTION('',(0.68756278061,0.726124936027,0.));
#237 = ORIENTED_EDGE('',*,*,#238,.T.);
#238 = EDGE_CURVE('',#231,#239,#241,.T.);
#239 = VERTEX_POINT('',#240);
#240 = CARTESIAN_POINT('',(3.959702789544,12.908064928341,0.));
#241 = LINE('',#242,#243);
#242 = CARTESIAN_POINT('',(3.505147342111,12.47569928211,0.));
#243 = VECTOR('',#244,1.);
#244 = DIRECTION('',(0.724571088141,0.689200071264,0.));
#245 = ORIENTED_EDGE('',*,*,#246,.T.);
#246 = EDGE_CURVE('',#239,#247,#249,.T.);
#247 = VERTEX_POINT('',#248);
#248 = CARTESIAN_POINT('',(4.436232855402,13.316084294504,0.));
#249 = LINE('',#250,#251);
#250 = CARTESIAN_POINT('',(3.959702789544,12.908064928341,0.));
#251 = VECTOR('',#252,1.);
#252 = DIRECTION('',(0.759599099078,0.650391581034,0.));
#253 = ORIENTED_EDGE('',*,*,#254,.T.);
#254 = EDGE_CURVE('',#247,#255,#257,.T.);
#255 = VERTEX_POINT('',#256);
#256 = CARTESIAN_POINT('',(4.933435154203,13.698642239001,0.));
#257 = LINE('',#258,#259);
#258 = CARTESIAN_POINT('',(4.436232855402,13.316084294504,0.));
#259 = VECTOR('',#260,1.);
#260 = DIRECTION('',(0.792551079748,0.609805531288,0.));
#261 = ORIENTED_EDGE('',*,*,#262,.T.);
#262 = EDGE_CURVE('',#255,#263,#265,.T.);
#263 = VERTEX_POINT('',#264);
#264 = CARTESIAN_POINT('',(5.449950802001,14.05469320784,0.));
#265 = LINE('',#266,#267);
#266 = CARTESIAN_POINT('',(4.933435154203,13.698642239001,0.));
#267 = VECTOR('',#268,1.);
#268 = DIRECTION('',(0.823336970397,0.567552846154,0.));
#269 = ORIENTED_EDGE('',*,*,#270,.T.);
#270 = EDGE_CURVE('',#263,#271,#273,.T.);
#271 = VERTEX_POINT('',#272);
#272 = CARTESIAN_POINT('',(5.984368130299,14.383264092194,0.));
#273 = LINE('',#274,#275);
#274 = CARTESIAN_POINT('',(5.449950802001,14.05469320784,0.));
#275 = VECTOR('',#276,1.);
#276 = DIRECTION('',(0.851872631323,0.523749004774,0.));
#277 = ORIENTED_EDGE('',*,*,#278,.T.);
#278 = EDGE_CURVE('',#271,#279,#281,.T.);
#279 = VERTEX_POINT('',#280);
#280 = CARTESIAN_POINT('',(6.535226544228,14.683456887969,0.));
#281 = LINE('',#282,#283);
#282 = CARTESIAN_POINT('',(5.984368130299,14.383264092194,0.));
#283 = VECTOR('',#284,1.);
#284 = DIRECTION('',(0.878080072841,0.478513725697,0.));
#285 = ORIENTED_EDGE('',*,*,#286,.T.);
#286 = EDGE_CURVE('',#279,#287,#289,.T.);
#287 = VERTEX_POINT('',#288);
#288 = CARTESIAN_POINT('',(7.101020514434,14.954451150103,0.));
#289 = LINE('',#290,#291);
#290 = CARTESIAN_POINT('',(6.535226544228,14.683456887969,0.));
#291 = VECTOR('',#292,1.);
#292 = DIRECTION('',(0.901887668426,0.431970639674,0.));
#293 = ORIENTED_EDGE('',*,*,#294,.T.);
#294 = EDGE_CURVE('',#287,#295,#297,.T.);
#295 = VERTEX_POINT('',#296);
#296 = CARTESIAN_POINT('',(7.680203691786,15.195506234894,0.));
#297 = LINE('',#298,#299);
#298 = CARTESIAN_POINT('',(7.101020514434,14.954451150103,0.));
#299 = VECTOR('',#300,1.);
#300 = DIRECTION('',(0.923230350483,0.384246951774,0.));
#301 = ORIENTED_EDGE('',*,*,#302,.T.);
#302 = EDGE_CURVE('',#295,#303,#305,.T.);
#303 = VERTEX_POINT('',#304);
#304 = CARTESIAN_POINT('',(8.271193133641,15.405963324217,0.));
#305 = LINE('',#306,#307);
#306 = CARTESIAN_POINT('',(7.680203691786,15.195506234894,0.));
#307 = VECTOR('',#308,1.);
#308 = DIRECTION('',(0.942049788169,0.335473093722,0.));
#309 = ORIENTED_EDGE('',*,*,#310,.T.);
#310 = EDGE_CURVE('',#303,#311,#313,.T.);
#311 = VERTEX_POINT('',#312);
#312 = CARTESIAN_POINT('',(8.872373630121,15.585247226125,0.));
#313 = LINE('',#314,#315);
#314 = CARTESIAN_POINT('',(8.271193133641,15.405963324217,0.));
#315 = VECTOR('',#316,1.);
#316 = DIRECTION('',(0.958294546823,0.285782367421,0.));
#317 = ORIENTED_EDGE('',*,*,#318,.T.);
#318 = EDGE_CURVE('',#311,#319,#321,.T.);
#319 = VERTEX_POINT('',#320);
#320 = CARTESIAN_POINT('',(9.482102118579,15.732867946872,0.));
#321 = LINE('',#322,#323);
#322 = CARTESIAN_POINT('',(8.872373630121,15.585247226125,0.));
#323 = VECTOR('',#324,1.);
#324 = DIRECTION('',(0.971920228539,0.23531058063,0.));
#325 = ORIENTED_EDGE('',*,*,#326,.T.);
#326 = EDGE_CURVE('',#319,#327,#329,.T.);
#327 = VERTEX_POINT('',#328);
#328 = CARTESIAN_POINT('',(10.098712174189,15.848422030103,0.));
#329 = LINE('',#330,#331);
#330 = CARTESIAN_POINT('',(9.482102118579,15.732867946872,0.));
#331 = VECTOR('',#332,1.);
#332 = DIRECTION('',(0.982889593504,0.184195675794,0.));
#333 = ORIENTED_EDGE('',*,*,#334,.T.);
#334 = EDGE_CURVE('',#327,#335,#337,.T.);
#335 = VERTEX_POINT('',#336);
#336 = CARTESIAN_POINT('',(10.720518564387,15.931593659521,0.));
#337 = LINE('',#338,#339);
#338 = CARTESIAN_POINT('',(10.098712174189,15.848422030103,0.));
#339 = VECTOR('',#340,1.);
#340 = DIRECTION('',(0.991172661781,0.132577353039,0.));
#341 = ORIENTED_EDGE('',*,*,#342,.T.);
#342 = EDGE_CURVE('',#335,#343,#345,.T.);
#343 = VERTEX_POINT('',#344);
#344 = CARTESIAN_POINT('',(11.345821854711,15.982155522035,0.));
#345 = LINE('',#346,#347);
#346 = CARTESIAN_POINT('',(10.720518564387,15.931593659521,0.));
#347 = VECTOR('',#348,1.);
#348 = DIRECTION('',(0.996746795242,8.059668836201E-02,0.));
#349 = ORIENTED_EDGE('',*,*,#350,.T.);
#350 = EDGE_CURVE('',#343,#351,#353,.T.);
#351 = VERTEX_POINT('',#352);
#352 = CARTESIAN_POINT('',(11.97291305346,15.999969429016,0.));
#353 = LINE('',#354,#355);
#354 = CARTESIAN_POINT('',(11.345821854711,15.982155522035,0.));
#355 = VECTOR('',#356,1.);
#356 = DIRECTION('',(0.999596759445,2.839574806255E-02,0.));
#357 = ORIENTED_EDGE('',*,*,#358,.T.);
#358 = EDGE_CURVE('',#351,#359,#361,.T.);
#359 = VERTEX_POINT('',#360);
#360 = CARTESIAN_POINT('',(12.600078282473,15.984986693981,0.));
#361 = LINE('',#362,#363);
#362 = CARTESIAN_POINT('',(11.97291305346,15.999969429016,0.));
#363 = VECTOR('',#364,1.);
#364 = DIRECTION('',(0.999714765264,-2.388279953329E-02,0.));
#365 = ORIENTED_EDGE('',*,*,#366,.T.);
#366 = EDGE_CURVE('',#359,#367,#369,.T.);
#367 = VERTEX_POINT('',#368);
#368 = CARTESIAN_POINT('',(13.225603461255,15.93724826565,0.));
#369 = LINE('',#370,#371);
#370 = CARTESIAN_POINT('',(12.600078282473,15.984986693981,0.));
#371 = VECTOR('',#372,1.);
#372 = DIRECTION('',(0.997100490183,-7.609607399396E-02,0.));
#373 = ORIENTED_EDGE('',*,*,#374,.T.);
#374 = EDGE_CURVE('',#367,#375,#377,.T.);
#375 = VERTEX_POINT('',#376);
#376 = CARTESIAN_POINT('',(13.847778991674,15.856884616033,0.));
#377 = LINE('',#378,#379);
#378 = CARTESIAN_POINT('',(13.225603461255,15.93724826565,0.));
#379 = VECTOR('',#380,1.);
#380 = DIRECTION('',(0.991761079173,-0.128101373283,0.));
#381 = ORIENTED_EDGE('',*,*,#382,.T.);
#382 = EDGE_CURVE('',#375,#383,#385,.T.);
#383 = VERTEX_POINT('',#384);
#384 = CARTESIAN_POINT('',(14.464904430384,15.744115383845,0.));
#385 = LINE('',#386,#387);
#386 = CARTESIAN_POINT('',(13.847778991674,15.856884616033,0.));
#387 = VECTOR('',#388,1.);
#388 = DIRECTION('',(0.983711125168,-0.179756563774,0.));
#389 = ORIENTED_EDGE('',*,*,#390,.T.);
#390 = EDGE_CURVE('',#383,#391,#393,.T.);
#391 = VERTEX_POINT('',#392);
#392 = CARTESIAN_POINT('',(15.075293136247,15.599248774216,0.));
#393 = LINE('',#394,#395);
#394 = CARTESIAN_POINT('',(14.464904430384,15.744115383845,0.));
#395 = VECTOR('',#396,1.);
#396 = DIRECTION('',(0.972972629179,-0.230920468707,0.));
#397 = ORIENTED_EDGE('',*,*,#398,.T.);
#398 = EDGE_CURVE('',#391,#399,#401,.T.);
#399 = VERTEX_POINT('',#400);
#400 = CARTESIAN_POINT('',(15.677276880024,15.422680716349,0.));
#401 = LINE('',#402,#403);
#402 = CARTESIAN_POINT('',(15.075293136247,15.599248774216,0.));
#403 = VECTOR('',#404,1.);
#404 = DIRECTION('',(0.959574940165,-0.281453254037,0.));
#405 = ORIENTED_EDGE('',*,*,#406,.T.);
#406 = EDGE_CURVE('',#399,#407,#409,.T.);
#407 = VERTEX_POINT('',#408);
#408 = CARTESIAN_POINT('',(16.269210403745,15.214893781421,0.));
#409 = LINE('',#410,#411);
#410 = CARTESIAN_POINT('',(15.677276880024,15.422680716349,0.));
#411 = VECTOR('',#412,1.);
#412 = DIRECTION('',(0.943554674819,-0.331216810605,0.));
#413 = ORIENTED_EDGE('',*,*,#414,.T.);
#414 = EDGE_CURVE('',#407,#415,#417,.T.);
#415 = VERTEX_POINT('',#416);
#416 = CARTESIAN_POINT('',(16.849475917298,14.976455863691,0.));
#417 = LINE('',#418,#419);
#418 = CARTESIAN_POINT('',(16.269210403745,15.214893781421,0.));
#419 = VECTOR('',#420,1.);
#420 = DIRECTION('',(0.924955617496,-0.380075131604,0.));
#421 = ORIENTED_EDGE('',*,*,#422,.T.);
#422 = EDGE_CURVE('',#415,#423,#425,.T.);
#423 = VERTEX_POINT('',#424);
#424 = CARTESIAN_POINT('',(17.41648751995,14.708018628403,0.));
#425 = LINE('',#426,#427);
#426 = CARTESIAN_POINT('',(16.849475917298,14.976455863691,0.));
#427 = VECTOR('',#428,1.);
#428 = DIRECTION('',(0.903828600543,-0.427894684286,0.));
#429 = ORIENTED_EDGE('',*,*,#430,.T.);
#430 = EDGE_CURVE('',#423,#431,#433,.T.);
#431 = VERTEX_POINT('',#432);
#432 = CARTESIAN_POINT('',(17.968695534707,14.410315730753,0.));
#433 = LINE('',#434,#435);
#434 = CARTESIAN_POINT('',(17.41648751995,14.708018628403,0.));
#435 = VECTOR('',#436,1.);
#436 = DIRECTION('',(0.880231365376,-0.474544774925,0.));
#437 = ORIENTED_EDGE('',*,*,#438,.T.);
#438 = EDGE_CURVE('',#431,#439,#441,.T.);
#439 = VERTEX_POINT('',#440);
#440 = CARTESIAN_POINT('',(18.504590743676,14.084160810761,0.));
#441 = LINE('',#442,#443);
#442 = CARTESIAN_POINT('',(17.968695534707,14.410315730753,0.));
#443 = VECTOR('',#444,1.);
#444 = DIRECTION('',(0.854228404665,-0.519897906001,0.));
#445 = ORIENTED_EDGE('',*,*,#446,.T.);
#446 = EDGE_CURVE('',#439,#447,#449,.T.);
#447 = VERTEX_POINT('',#448);
#448 = CARTESIAN_POINT('',(19.022708512848,13.730445269543,0.));
#449 = LINE('',#450,#451);
#450 = CARTESIAN_POINT('',(18.504590743676,14.084160810761,0.));
#451 = VECTOR('',#452,1.);
#452 = DIRECTION('',(0.825890786074,-0.563830124664,0.));
#453 = ORIENTED_EDGE('',*,*,#454,.T.);
#454 = EDGE_CURVE('',#447,#455,#457,.T.);
#455 = VERTEX_POINT('',#456);
#456 = CARTESIAN_POINT('',(19.521632795033,13.350135833061,0.));
#457 = LINE('',#458,#459);
#458 = CARTESIAN_POINT('',(19.022708512848,13.730445269543,0.));
#459 = VECTOR('',#460,1.);
#460 = DIRECTION('',(0.795295958027,-0.606221361505,0.));
#461 = ORIENTED_EDGE('',*,*,#462,.T.);
#462 = EDGE_CURVE('',#455,#463,#465,.T.);
#463 = VERTEX_POINT('',#464);
#464 = CARTESIAN_POINT('',(20.,12.944271909999,0.));
#465 = LINE('',#466,#467);
#466 = CARTESIAN_POINT('',(19.521632795033,13.350135833061,0.));
#467 = VECTOR('',#468,1.);
#468 = DIRECTION('',(0.762527538041,-0.646955758711,0.));
#469 = ORIENTED_EDGE('',*,*,#470,.T.);
#470 = EDGE_CURVE('',#463,#471,#473,.T.);
#471 = VERTEX_POINT('',#472);
#472 = CARTESIAN_POINT('',(30.,4.,0.));
#473 = LINE('',#474,#475);
#474 = CARTESIAN_POINT('',(20.,12.944271909999,0.));
#475 = VECTOR('',#476,1.);
#476 = DIRECTION('',(0.7453559925,-0.666666666667,0.));
#477 = ORIENTED_EDGE('',*,*,#478,.T.);
#478 = EDGE_CURVE('',#471,#479,#481,.T.);
#479 = VERTEX_POINT('',#480);
#480 = CARTESIAN_POINT('',(100.,4.,4.440892098501E-16));
#481 = LINE('',#482,#483);
#482 = CARTESIAN_POINT('',(30.,4.,0.));
#483 = VECTOR('',#484,1.);
#484 = DIRECTION('',(1.,0.,0.));
#485 = ORIENTED_EDGE('',*,*,#486,.F.);
#486 = EDGE_CURVE('',#487,#479,#489,.T.);
#487 = VERTEX_POINT('',#488);
#488 = CARTESIAN_POINT('',(100.,0.,4.440892098501E-16));
#489 = LINE('',#490,#491);
#490 = CARTESIAN_POINT('',(100.,-1.,8.881784197001E-16));
#491 = VECTOR('',#492,1.);
#492 = DIRECTION('',(0.,1.,0.));
#493 = ORIENTED_EDGE('',*,*,#494,.T.);
#494 = EDGE_CURVE('',#487,#495,#497,.T.);
#495 = VERTEX_POINT('',#496);
#496 = CARTESIAN_POINT('',(20.,0.,0.));
#497 = LINE('',#498,#499);
#498 = CARTESIAN_POINT('',(110.,0.,0.));
#499 = VECTOR('',#500,1.);
#500 = DIRECTION('',(-1.,0.,0.));
#501 = ORIENTED_EDGE('',*,*,#502,.T.);
#502 = EDGE_CURVE('',#495,#503,#505,.T.);
#503 = VERTEX_POINT('',#504);
#504 = CARTESIAN_POINT('',(20.,4.,0.));
#505 = LINE('',#506,#507);
#506 = CARTESIAN_POINT('',(20.,0.,0.));
#507 = VECTOR('',#508,1.);
#508 = DIRECTION('',(0.,1.,0.));
#509 = ORIENTED_EDGE('',*,*,#510,.T.);
#510 = EDGE_CURVE('',#503,#511,#513,.T.);
#511 = VERTEX_POINT('',#512);
#512 = CARTESIAN_POINT('',(19.975338669865,4.627672765823,0.));
#513 = LINE('',#514,#515);
#514 = CARTESIAN_POINT('',(20.,4.,0.));
#515 = VECTOR('',#516,1.);
#516 = DIRECTION('',(-3.925981575907E-02,0.999229036241,0.));
#517 = ORIENTED_EDGE('',*,*,#518,.T.);
#518 = EDGE_CURVE('',#511,#519,#521,.T.);
#519 = VERTEX_POINT('',#520);
#520 = CARTESIAN_POINT('',(19.901506724761,5.251475720322,0.));
#521 = LINE('',#522,#523);
#522 = CARTESIAN_POINT('',(19.975338669865,4.627672765823,0.));
#523 = VECTOR('',#524,1.);
#524 = DIRECTION('',(-0.117537397458,0.993068456955,0.));
#525 = ORIENTED_EDGE('',*,*,#526,.T.);
#526 = EDGE_CURVE('',#519,#527,#529,.T.);
#527 = VERTEX_POINT('',#528);
#528 = CARTESIAN_POINT('',(19.778959363181,5.867562910847,0.));
#529 = LINE('',#530,#531);
#530 = CARTESIAN_POINT('',(19.901506724761,5.251475720322,0.));
#531 = VECTOR('',#532,1.);
#532 = DIRECTION('',(-0.195090322016,0.980785280403,0.));
#533 = ORIENTED_EDGE('',*,*,#534,.T.);
#534 = EDGE_CURVE('',#527,#535,#537,.T.);
#535 = VERTEX_POINT('',#536);
#536 = CARTESIAN_POINT('',(19.608452130361,6.472135955,0.));
#537 = LINE('',#538,#539);
#538 = CARTESIAN_POINT('',(19.778959363181,5.867562910847,0.));
#539 = VECTOR('',#540,1.);
#540 = DIRECTION('',(-0.271440449865,0.962455236454,0.));
#541 = ORIENTED_EDGE('',*,*,#542,.T.);
#542 = EDGE_CURVE('',#535,#543,#545,.T.);
#543 = VERTEX_POINT('',#544);
#544 = CARTESIAN_POINT('',(19.39103626009,7.061467458921,0.));
#545 = LINE('',#546,#547);
#546 = CARTESIAN_POINT('',(19.608452130361,6.472135955,0.));
#547 = VECTOR('',#548,1.);
#548 = DIRECTION('',(-0.346117057077,0.938191335922,0.));
#549 = ORIENTED_EDGE('',*,*,#550,.T.);
#550 = EDGE_CURVE('',#543,#551,#553,.T.);
#551 = VERTEX_POINT('',#552);
#552 = CARTESIAN_POINT('',(19.128052193507,7.631923997916,0.));
#553 = LINE('',#554,#555);
#554 = CARTESIAN_POINT('',(19.39103626009,7.061467458921,0.));
#555 = VECTOR('',#556,1.);
#556 = DIRECTION('',(-0.418659737537,0.908143173825,0.));
#557 = ORIENTED_EDGE('',*,*,#558,.T.);
#558 = EDGE_CURVE('',#551,#559,#561,.T.);
#559 = VERTEX_POINT('',#560);
#560 = CARTESIAN_POINT('',(18.821121314833,8.179988517728,0.));
#561 = LINE('',#562,#563);
#562 = CARTESIAN_POINT('',(19.128052193507,7.631923997916,0.));
#563 = VECTOR('',#564,1.);
#564 = DIRECTION('',(-0.488621241497,0.872496007073,0.));
#565 = ORIENTED_EDGE('',*,*,#566,.T.);
#566 = EDGE_CURVE('',#559,#567,#569,.T.);
#567 = VERTEX_POINT('',#568);
#568 = CARTESIAN_POINT('',(18.472135955,8.70228201834,0.));
#569 = LINE('',#570,#571);
#570 = CARTESIAN_POINT('',(18.821121314833,8.179988517728,0.));
#571 = VECTOR('',#572,1.);
#572 = DIRECTION('',(-0.55557023302,0.831469612303,0.));
#573 = ORIENTED_EDGE('',*,*,#574,.T.);
#574 = EDGE_CURVE('',#567,#575,#577,.T.);
#575 = VERTEX_POINT('',#576);
#576 = CARTESIAN_POINT('',(18.0832477248,9.195584386641,0.));
#577 = LINE('',#578,#579);
#578 = CARTESIAN_POINT('',(18.472135955,8.70228201834,0.));
#579 = VECTOR('',#580,1.);
#580 = DIRECTION('',(-0.61909394931,0.785316930881,0.));
#581 = ORIENTED_EDGE('',*,*,#582,.T.);
#582 = EDGE_CURVE('',#575,#583,#585,.T.);
#583 = VERTEX_POINT('',#584);
#584 = CARTESIAN_POINT('',(17.656854249492,9.656854249492,0.));
#585 = LINE('',#586,#587);
#586 = CARTESIAN_POINT('',(18.0832477248,9.195584386641,0.));
#587 = VECTOR('',#588,1.);
#588 = DIRECTION('',(-0.678800745533,0.734322509436,0.));
#589 = ORIENTED_EDGE('',*,*,#590,.T.);
#590 = EDGE_CURVE('',#583,#591,#593,.T.);
#591 = VERTEX_POINT('',#592);
#592 = CARTESIAN_POINT('',(17.195584386641,10.0832477248,0.));
#593 = LINE('',#594,#595);
#594 = CARTESIAN_POINT('',(17.656854249492,9.656854249492,0.));
#595 = VECTOR('',#596,1.);
#596 = DIRECTION('',(-0.734322509436,0.678800745533,0.));
#597 = ORIENTED_EDGE('',*,*,#598,.T.);
#598 = EDGE_CURVE('',#591,#599,#601,.T.);
#599 = VERTEX_POINT('',#600);
#600 = CARTESIAN_POINT('',(16.70228201834,10.472135955,0.));
#601 = LINE('',#602,#603);
#602 = CARTESIAN_POINT('',(17.195584386641,10.0832477248,0.));
#603 = VECTOR('',#604,1.);
#604 = DIRECTION('',(-0.785316930881,0.61909394931,0.));
#605 = ORIENTED_EDGE('',*,*,#606,.T.);
#606 = EDGE_CURVE('',#599,#607,#609,.T.);
#607 = VERTEX_POINT('',#608);
#608 = CARTESIAN_POINT('',(16.179988517728,10.821121314833,0.));
#609 = LINE('',#610,#611);
#610 = CARTESIAN_POINT('',(16.70228201834,10.472135955,0.));
#611 = VECTOR('',#612,1.);
#612 = DIRECTION('',(-0.831469612303,0.55557023302,0.));
#613 = ORIENTED_EDGE('',*,*,#614,.T.);
#614 = EDGE_CURVE('',#607,#615,#617,.T.);
#615 = VERTEX_POINT('',#616);
#616 = CARTESIAN_POINT('',(15.631923997916,11.128052193507,0.));
#617 = LINE('',#618,#619);
#618 = CARTESIAN_POINT('',(16.179988517728,10.821121314833,0.));
#619 = VECTOR('',#620,1.);
#620 = DIRECTION('',(-0.872496007073,0.488621241497,0.));
#621 = ORIENTED_EDGE('',*,*,#622,.T.);
#622 = EDGE_CURVE('',#615,#623,#625,.T.);
#623 = VERTEX_POINT('',#624);
#624 = CARTESIAN_POINT('',(15.061467458921,11.39103626009,0.));
#625 = LINE('',#626,#627);
#626 = CARTESIAN_POINT('',(15.631923997916,11.128052193507,0.));
#627 = VECTOR('',#628,1.);
#628 = DIRECTION('',(-0.908143173825,0.418659737537,0.));
#629 = ORIENTED_EDGE('',*,*,#630,.T.);
#630 = EDGE_CURVE('',#623,#631,#633,.T.);
#631 = VERTEX_POINT('',#632);
#632 = CARTESIAN_POINT('',(14.472135955,11.608452130361,0.));
#633 = LINE('',#634,#635);
#634 = CARTESIAN_POINT('',(15.061467458921,11.39103626009,0.));
#635 = VECTOR('',#636,1.);
#636 = DIRECTION('',(-0.938191335922,0.346117057077,0.));
#637 = ORIENTED_EDGE('',*,*,#638,.T.);
#638 = EDGE_CURVE('',#631,#639,#641,.T.);
#639 = VERTEX_POINT('',#640);
#640 = CARTESIAN_POINT('',(13.867562910847,11.778959363181,0.));
#641 = LINE('',#642,#643);
#642 = CARTESIAN_POINT('',(14.472135955,11.608452130361,0.));
#643 = VECTOR('',#644,1.);
#644 = DIRECTION('',(-0.962455236454,0.271440449865,0.));
#645 = ORIENTED_EDGE('',*,*,#646,.T.);
#646 = EDGE_CURVE('',#639,#647,#649,.T.);
#647 = VERTEX_POINT('',#648);
#648 = CARTESIAN_POINT('',(13.251475720322,11.901506724761,0.));
#649 = LINE('',#650,#651);
#650 = CARTESIAN_POINT('',(13.867562910847,11.778959363181,0.));
#651 = VECTOR('',#652,1.);
#652 = DIRECTION('',(-0.980785280403,0.195090322016,0.));
#653 = ORIENTED_EDGE('',*,*,#654,.T.);
#654 = EDGE_CURVE('',#647,#655,#657,.T.);
#655 = VERTEX_POINT('',#656);
#656 = CARTESIAN_POINT('',(12.627672765823,11.975338669865,0.));
#657 = LINE('',#658,#659);
#658 = CARTESIAN_POINT('',(13.251475720322,11.901506724761,0.));
#659 = VECTOR('',#660,1.);
#660 = DIRECTION('',(-0.993068456955,0.117537397458,0.));
#661 = ORIENTED_EDGE('',*,*,#662,.T.);
#662 = EDGE_CURVE('',#655,#663,#665,.T.);
#663 = VERTEX_POINT('',#664);
#664 = CARTESIAN_POINT('',(12.,12.,0.));
#665 = LINE('',#666,#667);
#666 = CARTESIAN_POINT('',(12.627672765823,11.975338669865,0.));
#667 = VECTOR('',#668,1.);
#668 = DIRECTION('',(-0.999229036241,3.925981575907E-02,0.));
#669 = ORIENTED_EDGE('',*,*,#670,.T.);
#670 = EDGE_CURVE('',#663,#671,#673,.T.);
#671 = VERTEX_POINT('',#672);
#672 = CARTESIAN_POINT('',(11.372327234177,11.975338669865,0.));
#673 = LINE('',#674,#675);
#674 = CARTESIAN_POINT('',(12.,12.,0.));
#675 = VECTOR('',#676,1.);
#676 = DIRECTION('',(-0.999229036241,-3.925981575907E-02,0.));
#677 = ORIENTED_EDGE('',*,*,#678,.T.);
#678 = EDGE_CURVE('',#671,#679,#681,.T.);
#679 = VERTEX_POINT('',#680);
#680 = CARTESIAN_POINT('',(10.748524279678,11.901506724761,0.));
#681 = LINE('',#682,#683);
#682 = CARTESIAN_POINT('',(11.372327234177,11.975338669865,0.));
#683 = VECTOR('',#684,1.);
#684 = DIRECTION('',(-0.993068456955,-0.117537397458,0.));
#685 = ORIENTED_EDGE('',*,*,#686,.T.);
#686 = EDGE_CURVE('',#679,#687,#689,.T.);
#687 = VERTEX_POINT('',#688);
#688 = CARTESIAN_POINT('',(10.132437089153,11.778959363181,0.));
#689 = LINE('',#690,#691);
#690 = CARTESIAN_POINT('',(10.748524279678,11.901506724761,0.));
#691 = VECTOR('',#692,1.);
#692 = DIRECTION('',(-0.980785280403,-0.195090322016,0.));
#693 = ORIENTED_EDGE('',*,*,#694,.T.);
#694 = EDGE_CURVE('',#687,#695,#697,.T.);
#695 = VERTEX_POINT('',#696);
#696 = CARTESIAN_POINT('',(9.527864045,11.608452130361,0.));
#697 = LINE('',#698,#699);
#698 = CARTESIAN_POINT('',(10.132437089153,11.778959363181,0.));
#699 = VECTOR('',#700,1.);
#700 = DIRECTION('',(-0.962455236454,-0.271440449865,0.));
#701 = ORIENTED_EDGE('',*,*,#702,.T.);
#702 = EDGE_CURVE('',#695,#703,#705,.T.);
#703 = VERTEX_POINT('',#704);
#704 = CARTESIAN_POINT('',(8.938532541079,11.39103626009,0.));
#705 = LINE('',#706,#707);
#706 = CARTESIAN_POINT('',(9.527864045,11.608452130361,0.));
#707 = VECTOR('',#708,1.);
#708 = DIRECTION('',(-0.938191335922,-0.346117057077,0.));
#709 = ORIENTED_EDGE('',*,*,#710,.T.);
#710 = EDGE_CURVE('',#703,#711,#713,.T.);
#711 = VERTEX_POINT('',#712);
#712 = CARTESIAN_POINT('',(8.368076002084,11.128052193507,0.));
#713 = LINE('',#714,#715);
#714 = CARTESIAN_POINT('',(8.938532541079,11.39103626009,0.));
#715 = VECTOR('',#716,1.);
#716 = DIRECTION('',(-0.908143173825,-0.418659737537,0.));
#717 = ORIENTED_EDGE('',*,*,#718,.T.);
#718 = EDGE_CURVE('',#711,#719,#721,.T.);
#719 = VERTEX_POINT('',#720);
#720 = CARTESIAN_POINT('',(7.820011482272,10.821121314833,0.));
#721 = LINE('',#722,#723);
#722 = CARTESIAN_POINT('',(8.368076002084,11.128052193507,0.));
#723 = VECTOR('',#724,1.);
#724 = DIRECTION('',(-0.872496007073,-0.488621241497,0.));
#725 = ORIENTED_EDGE('',*,*,#726,.T.);
#726 = EDGE_CURVE('',#719,#727,#729,.T.);
#727 = VERTEX_POINT('',#728);
#728 = CARTESIAN_POINT('',(7.29771798166,10.472135955,0.));
#729 = LINE('',#730,#731);
#730 = CARTESIAN_POINT('',(7.820011482272,10.821121314833,0.));
#731 = VECTOR('',#732,1.);
#732 = DIRECTION('',(-0.831469612303,-0.55557023302,0.));
#733 = ORIENTED_EDGE('',*,*,#734,.T.);
#734 = EDGE_CURVE('',#727,#735,#737,.T.);
#735 = VERTEX_POINT('',#736);
#736 = CARTESIAN_POINT('',(6.804415613359,10.0832477248,0.));
#737 = LINE('',#738,#739);
#738 = CARTESIAN_POINT('',(7.29771798166,10.472135955,0.));
#739 = VECTOR('',#740,1.);
#740 = DIRECTION('',(-0.785316930881,-0.61909394931,0.));
#741 = ORIENTED_EDGE('',*,*,#742,.T.);
#742 = EDGE_CURVE('',#735,#743,#745,.T.);
#743 = VERTEX_POINT('',#744);
#744 = CARTESIAN_POINT('',(6.343145750508,9.656854249492,0.));
#745 = LINE('',#746,#747);
#746 = CARTESIAN_POINT('',(6.804415613359,10.0832477248,0.));
#747 = VECTOR('',#748,1.);
#748 = DIRECTION('',(-0.734322509436,-0.678800745533,0.));
#749 = ORIENTED_EDGE('',*,*,#750,.T.);
#750 = EDGE_CURVE('',#743,#751,#753,.T.);
#751 = VERTEX_POINT('',#752);
#752 = CARTESIAN_POINT('',(5.9167522752,9.195584386641,0.));
#753 = LINE('',#754,#755);
#754 = CARTESIAN_POINT('',(6.343145750508,9.656854249492,0.));
#755 = VECTOR('',#756,1.);
#756 = DIRECTION('',(-0.678800745533,-0.734322509436,0.));
#757 = ORIENTED_EDGE('',*,*,#758,.T.);
#758 = EDGE_CURVE('',#751,#759,#761,.T.);
#759 = VERTEX_POINT('',#760);
#760 = CARTESIAN_POINT('',(5.527864045,8.70228201834,0.));
#761 = LINE('',#762,#763);
#762 = CARTESIAN_POINT('',(5.9167522752,9.195584386641,0.));
#763 = VECTOR('',#764,1.);
#764 = DIRECTION('',(-0.61909394931,-0.785316930881,0.));
#765 = ORIENTED_EDGE('',*,*,#766,.T.);
#766 = EDGE_CURVE('',#759,#767,#769,.T.);
#767 = VERTEX_POINT('',#768);
#768 = CARTESIAN_POINT('',(5.178878685167,8.179988517728,0.));
#769 = LINE('',#770,#771);
#770 = CARTESIAN_POINT('',(5.527864045,8.70228201834,0.));
#771 = VECTOR('',#772,1.);
#772 = DIRECTION('',(-0.55557023302,-0.831469612303,0.));
#773 = ORIENTED_EDGE('',*,*,#774,.T.);
#774 = EDGE_CURVE('',#767,#775,#777,.T.);
#775 = VERTEX_POINT('',#776);
#776 = CARTESIAN_POINT('',(4.871947806493,7.631923997916,0.));
#777 = LINE('',#778,#779);
#778 = CARTESIAN_POINT('',(5.178878685167,8.179988517728,0.));
#779 = VECTOR('',#780,1.);
#780 = DIRECTION('',(-0.488621241497,-0.872496007073,0.));
#781 = ORIENTED_EDGE('',*,*,#782,.T.);
#782 = EDGE_CURVE('',#775,#783,#785,.T.);
#783 = VERTEX_POINT('',#784);
#784 = CARTESIAN_POINT('',(4.60896373991,7.061467458921,0.));
#785 = LINE('',#786,#787);
#786 = CARTESIAN_POINT('',(4.871947806493,7.631923997916,0.));
#787 = VECTOR('',#788,1.);
#788 = DIRECTION('',(-0.418659737537,-0.908143173825,0.));
#789 = ORIENTED_EDGE('',*,*,#790,.T.);
#790 = EDGE_CURVE('',#783,#791,#793,.T.);
#791 = VERTEX_POINT('',#792);
#792 = CARTESIAN_POINT('',(4.391547869639,6.472135955,0.));
#793 = LINE('',#794,#795);
#794 = CARTESIAN_POINT('',(4.60896373991,7.061467458921,0.));
#795 = VECTOR('',#796,1.);
#796 = DIRECTION('',(-0.346117057077,-0.938191335922,0.));
#797 = ORIENTED_EDGE('',*,*,#798,.T.);
#798 = EDGE_CURVE('',#791,#799,#801,.T.);
#799 = VERTEX_POINT('',#800);
#800 = CARTESIAN_POINT('',(4.221040636819,5.867562910847,0.));
#801 = LINE('',#802,#803);
#802 = CARTESIAN_POINT('',(4.391547869639,6.472135955,0.));
#803 = VECTOR('',#804,1.);
#804 = DIRECTION('',(-0.271440449865,-0.962455236454,0.));
#805 = ORIENTED_EDGE('',*,*,#806,.T.);
#806 = EDGE_CURVE('',#799,#807,#809,.T.);
#807 = VERTEX_POINT('',#808);
#808 = CARTESIAN_POINT('',(4.098493275239,5.251475720322,0.));
#809 = LINE('',#810,#811);
#810 = CARTESIAN_POINT('',(4.221040636819,5.867562910847,0.));
#811 = VECTOR('',#812,1.);
#812 = DIRECTION('',(-0.195090322016,-0.980785280403,0.));
#813 = ORIENTED_EDGE('',*,*,#814,.T.);
#814 = EDGE_CURVE('',#807,#815,#817,.T.);
#815 = VERTEX_POINT('',#816);
#816 = CARTESIAN_POINT('',(4.024661330135,4.627672765823,0.));
#817 = LINE('',#818,#819);
#818 = CARTESIAN_POINT('',(4.098493275239,5.251475720322,0.));
#819 = VECTOR('',#820,1.);
#820 = DIRECTION('',(-0.117537397458,-0.993068456955,0.));
#821 = ORIENTED_EDGE('',*,*,#822,.T.);
#822 = EDGE_CURVE('',#815,#823,#825,.T.);
#823 = VERTEX_POINT('',#824);
#824 = CARTESIAN_POINT('',(4.,4.,0.));
#825 = LINE('',#826,#827);
#826 = CARTESIAN_POINT('',(4.024661330135,4.627672765823,0.));
#827 = VECTOR('',#828,1.);
#828 = DIRECTION('',(-3.925981575907E-02,-0.999229036241,0.));
#829 = ORIENTED_EDGE('',*,*,#830,.T.);
#830 = EDGE_CURVE('',#823,#62,#831,.T.);
#831 = LINE('',#832,#833);
#832 = CARTESIAN_POINT('',(4.,4.,0.));
#833 = VECTOR('',#834,1.);
#834 = DIRECTION('',(0.,-1.,0.));
#835 = PLANE('',#836);
#836 = AXIS2_PLACEMENT_3D('',#837,#838,#839);
#837 = CARTESIAN_POINT('',(50.185742018563,4.077375105233,0.));
#838 = DIRECTION('',(-0.,-0.,-1.));
#839 = DIRECTION('',(-1.,0.,0.));
#840 = ADVANCED_FACE('',(#841),#1556,.F.);
#841 = FACE_BOUND('',#842,.F.);
#842 = EDGE_LOOP('',(#843,#844,#845,#846,#854,#862,#870,#878,#886,#894,
    #902,#910,#918,#926,#934,#942,#950,#958,#966,#974,#982,#990,#998,
    #1006,#1014,#1022,#1030,#1038,#1046,#1054,#1062,#1070,#1078,#1086,
    #1094,#1102,#1110,#1118,#1126,#1134,#1142,#1150,#1158,#1166,#1174,
    #1182,#1190,#1198,#1206,#1214,#1222,#1230,#1238,#1246,#1254,#1262,
    #1270,#1278,#1286,#1294,#1302,#1310,#1318,#1326,#1334,#1342,#1350,
    #1358,#1366,#1374,#1382,#1390,#1398,#1406,#1414,#1422,#1430,#1438,
    #1446,#1454,#1462,#1470,#1478,#1486,#1494,#1502,#1510,#1518,#1526,
    #1534,#1542,#1550));
#843 = ORIENTED_EDGE('',*,*,#71,.T.);
#844 = ORIENTED_EDGE('',*,*,#31,.T.);
#845 = ORIENTED_EDGE('',*,*,#93,.T.);
#846 = ORIENTED_EDGE('',*,*,#847,.T.);
#847 = EDGE_CURVE('',#94,#848,#850,.T.);
#848 = VERTEX_POINT('',#849);
#849 = CARTESIAN_POINT('',(6.554863342149E-02,5.252545639397,30.));
#850 = LINE('',#851,#852);
#851 = CARTESIAN_POINT('',(1.639836278462E-02,4.627129811545,30.));
#852 = VECTOR('',#853,1.);
#853 = DIRECTION('',(7.834658077232E-02,0.996926182464,0.));
#854 = ORIENTED_EDGE('',*,*,#855,.T.);
#855 = EDGE_CURVE('',#848,#856,#858,.T.);
#856 = VERTEX_POINT('',#857);
#857 = CARTESIAN_POINT('',(0.147316481249,5.874538184282,30.));
#858 = LINE('',#859,#860);
#859 = CARTESIAN_POINT('',(6.554863342149E-02,5.252545639397,30.));
#860 = VECTOR('',#861,1.);
#861 = DIRECTION('',(0.130339695212,0.991469396326,0.));
#862 = ORIENTED_EDGE('',*,*,#863,.T.);
#863 = EDGE_CURVE('',#856,#864,#866,.T.);
#864 = VERTEX_POINT('',#865);
#865 = CARTESIAN_POINT('',(0.261478429795,6.491407502967,30.));
#866 = LINE('',#867,#868);
#867 = CARTESIAN_POINT('',(0.147316481249,5.874538184282,30.));
#868 = VECTOR('',#869,1.);
#869 = DIRECTION('',(0.181976583384,0.983302864381,0.));
#870 = ORIENTED_EDGE('',*,*,#871,.T.);
#871 = EDGE_CURVE('',#864,#872,#874,.T.);
#872 = VERTEX_POINT('',#873);
#873 = CARTESIAN_POINT('',(0.407722467552,7.101467654306,30.));
#874 = LINE('',#875,#876);
#875 = CARTESIAN_POINT('',(0.261478429795,6.491407502967,30.));
#876 = VECTOR('',#877,1.);
#877 = DIRECTION('',(0.233116118551,0.972448906253,0.));
#878 = ORIENTED_EDGE('',*,*,#879,.T.);
#879 = EDGE_CURVE('',#872,#880,#882,.T.);
#880 = VERTEX_POINT('',#881);
#881 = CARTESIAN_POINT('',(0.585648900722,7.703051307018,30.));
#882 = LINE('',#883,#884);
#883 = CARTESIAN_POINT('',(0.407722467552,7.101467654306,30.));
#884 = VECTOR('',#885,1.);
#885 = DIRECTION('',(0.28361853327,0.958937186465,0.));
#886 = ORIENTED_EDGE('',*,*,#887,.T.);
#887 = EDGE_CURVE('',#880,#888,#890,.T.);
#888 = VERTEX_POINT('',#889);
#889 = CARTESIAN_POINT('',(0.794771445604,8.294514296607,30.));
#890 = LINE('',#891,#892);
#891 = CARTESIAN_POINT('',(0.585648900722,7.703051307018,30.));
#892 = VECTOR('',#893,1.);
#893 = DIRECTION('',(0.333345801389,0.942804633366,0.));
#894 = ORIENTED_EDGE('',*,*,#895,.T.);
#895 = EDGE_CURVE('',#888,#896,#898,.T.);
#896 = VERTEX_POINT('',#897);
#897 = CARTESIAN_POINT('',(1.03451855764,8.874240118958,30.));
#898 = LINE('',#899,#900);
#899 = CARTESIAN_POINT('',(0.794771445604,8.294514296607,30.));
#900 = VECTOR('',#901,1.);
#901 = DIRECTION('',(0.382162015278,0.924095338198,0.));
#902 = ORIENTED_EDGE('',*,*,#903,.T.);
#903 = EDGE_CURVE('',#896,#904,#906,.T.);
#904 = VERTEX_POINT('',#905);
#905 = CARTESIAN_POINT('',(1.304234993476,9.440644348349,30.));
#906 = LINE('',#907,#908);
#907 = CARTESIAN_POINT('',(1.03451855764,8.874240118958,30.));
#908 = VECTOR('',#909,1.);
#909 = DIRECTION('',(0.429933757272,0.902860434596,0.));
#910 = ORIENTED_EDGE('',*,*,#911,.T.);
#911 = EDGE_CURVE('',#904,#912,#914,.T.);
#912 = VERTEX_POINT('',#913);
#913 = CARTESIAN_POINT('',(1.603183601784,9.992178967771,30.));
#914 = LINE('',#915,#916);
#915 = CARTESIAN_POINT('',(1.304234993476,9.440644348349,30.));
#916 = VECTOR('',#917,1.);
#917 = DIRECTION('',(0.476530464311,0.879157958835,0.));
#918 = ORIENTED_EDGE('',*,*,#919,.T.);
#919 = EDGE_CURVE('',#912,#920,#922,.T.);
#920 = VERTEX_POINT('',#921);
#921 = CARTESIAN_POINT('',(1.930547337943,10.527336599763,30.));
#922 = LINE('',#923,#924);
#923 = CARTESIAN_POINT('',(1.603183601784,9.992178967771,30.));
#924 = VECTOR('',#925,1.);
#925 = DIRECTION('',(0.521824784779,0.853052691216,0.));
#926 = ORIENTED_EDGE('',*,*,#927,.T.);
#927 = EDGE_CURVE('',#920,#928,#930,.T.);
#928 = VERTEX_POINT('',#929);
#929 = CARTESIAN_POINT('',(2.285431497068,11.044654626158,30.));
#930 = LINE('',#931,#932);
#931 = CARTESIAN_POINT('',(1.930547337943,10.527336599763,30.));
#932 = VECTOR('',#933,1.);
#933 = DIRECTION('',(0.565692926558,0.824615979012,0.));
#934 = ORIENTED_EDGE('',*,*,#935,.T.);
#935 = EDGE_CURVE('',#928,#936,#938,.T.);
#936 = VERTEX_POINT('',#937);
#937 = CARTESIAN_POINT('',(2.666866159294,11.542719185511,30.));
#938 = LINE('',#939,#940);
#939 = CARTESIAN_POINT('',(2.285431497068,11.044654626158,30.));
#940 = VECTOR('',#941,1.);
#941 = DIRECTION('',(0.608014995365,0.793925541478,0.));
#942 = ORIENTED_EDGE('',*,*,#943,.T.);
#943 = EDGE_CURVE('',#936,#944,#946,.T.);
#944 = VERTEX_POINT('',#945);
#945 = CARTESIAN_POINT('',(3.073808840626,12.020169037266,30.));
#946 = LINE('',#947,#948);
#947 = CARTESIAN_POINT('',(2.666866159294,11.542719185511,30.));
#948 = VECTOR('',#949,1.);
#949 = DIRECTION('',(0.648675322426,0.761065257436,0.));
#950 = ORIENTED_EDGE('',*,*,#951,.T.);
#951 = EDGE_CURVE('',#944,#952,#954,.T.);
#952 = VERTEX_POINT('',#953);
#953 = CARTESIAN_POINT('',(3.505147342111,12.47569928211,30.));
#954 = LINE('',#955,#956);
#955 = CARTESIAN_POINT('',(3.073808840626,12.020169037266,30.));
#956 = VECTOR('',#957,1.);
#957 = DIRECTION('',(0.68756278061,0.726124936027,0.));
#958 = ORIENTED_EDGE('',*,*,#959,.T.);
#959 = EDGE_CURVE('',#952,#960,#962,.T.);
#960 = VERTEX_POINT('',#961);
#961 = CARTESIAN_POINT('',(3.959702789544,12.908064928341,30.));
#962 = LINE('',#963,#964);
#963 = CARTESIAN_POINT('',(3.505147342111,12.47569928211,30.));
#964 = VECTOR('',#965,1.);
#965 = DIRECTION('',(0.724571088141,0.689200071264,0.));
#966 = ORIENTED_EDGE('',*,*,#967,.T.);
#967 = EDGE_CURVE('',#960,#968,#970,.T.);
#968 = VERTEX_POINT('',#969);
#969 = CARTESIAN_POINT('',(4.436232855402,13.316084294504,30.));
#970 = LINE('',#971,#972);
#971 = CARTESIAN_POINT('',(3.959702789544,12.908064928341,30.));
#972 = VECTOR('',#973,1.);
#973 = DIRECTION('',(0.759599099078,0.650391581034,0.));
#974 = ORIENTED_EDGE('',*,*,#975,.T.);
#975 = EDGE_CURVE('',#968,#976,#978,.T.);
#976 = VERTEX_POINT('',#977);
#977 = CARTESIAN_POINT('',(4.933435154203,13.698642239001,30.));
#978 = LINE('',#979,#980);
#979 = CARTESIAN_POINT('',(4.436232855402,13.316084294504,30.));
#980 = VECTOR('',#981,1.);
#981 = DIRECTION('',(0.792551079748,0.609805531288,0.));
#982 = ORIENTED_EDGE('',*,*,#983,.T.);
#983 = EDGE_CURVE('',#976,#984,#986,.T.);
#984 = VERTEX_POINT('',#985);
#985 = CARTESIAN_POINT('',(5.449950802001,14.05469320784,30.));
#986 = LINE('',#987,#988);
#987 = CARTESIAN_POINT('',(4.933435154203,13.698642239001,30.));
#988 = VECTOR('',#989,1.);
#989 = DIRECTION('',(0.823336970397,0.567552846154,0.));
#990 = ORIENTED_EDGE('',*,*,#991,.T.);
#991 = EDGE_CURVE('',#984,#992,#994,.T.);
#992 = VERTEX_POINT('',#993);
#993 = CARTESIAN_POINT('',(5.984368130299,14.383264092194,30.));
#994 = LINE('',#995,#996);
#995 = CARTESIAN_POINT('',(5.449950802001,14.05469320784,30.));
#996 = VECTOR('',#997,1.);
#997 = DIRECTION('',(0.851872631323,0.523749004774,0.));
#998 = ORIENTED_EDGE('',*,*,#999,.T.);
#999 = EDGE_CURVE('',#992,#1000,#1002,.T.);
#1000 = VERTEX_POINT('',#1001);
#1001 = CARTESIAN_POINT('',(6.535226544228,14.683456887969,30.));
#1002 = LINE('',#1003,#1004);
#1003 = CARTESIAN_POINT('',(5.984368130299,14.383264092194,30.));
#1004 = VECTOR('',#1005,1.);
#1005 = DIRECTION('',(0.878080072841,0.478513725697,0.));
#1006 = ORIENTED_EDGE('',*,*,#1007,.T.);
#1007 = EDGE_CURVE('',#1000,#1008,#1010,.T.);
#1008 = VERTEX_POINT('',#1009);
#1009 = CARTESIAN_POINT('',(7.101020514434,14.954451150103,30.));
#1010 = LINE('',#1011,#1012);
#1011 = CARTESIAN_POINT('',(6.535226544228,14.683456887969,30.));
#1012 = VECTOR('',#1013,1.);
#1013 = DIRECTION('',(0.901887668426,0.431970639674,0.));
#1014 = ORIENTED_EDGE('',*,*,#1015,.T.);
#1015 = EDGE_CURVE('',#1008,#1016,#1018,.T.);
#1016 = VERTEX_POINT('',#1017);
#1017 = CARTESIAN_POINT('',(7.680203691786,15.195506234894,30.));
#1018 = LINE('',#1019,#1020);
#1019 = CARTESIAN_POINT('',(7.101020514434,14.954451150103,30.));
#1020 = VECTOR('',#1021,1.);
#1021 = DIRECTION('',(0.923230350483,0.384246951774,0.));
#1022 = ORIENTED_EDGE('',*,*,#1023,.T.);
#1023 = EDGE_CURVE('',#1016,#1024,#1026,.T.);
#1024 = VERTEX_POINT('',#1025);
#1025 = CARTESIAN_POINT('',(8.271193133641,15.405963324217,30.));
#1026 = LINE('',#1027,#1028);
#1027 = CARTESIAN_POINT('',(7.680203691786,15.195506234894,30.));
#1028 = VECTOR('',#1029,1.);
#1029 = DIRECTION('',(0.942049788169,0.335473093722,0.));
#1030 = ORIENTED_EDGE('',*,*,#1031,.T.);
#1031 = EDGE_CURVE('',#1024,#1032,#1034,.T.);
#1032 = VERTEX_POINT('',#1033);
#1033 = CARTESIAN_POINT('',(8.872373630121,15.585247226125,30.));
#1034 = LINE('',#1035,#1036);
#1035 = CARTESIAN_POINT('',(8.271193133641,15.405963324217,30.));
#1036 = VECTOR('',#1037,1.);
#1037 = DIRECTION('',(0.958294546823,0.285782367421,0.));
#1038 = ORIENTED_EDGE('',*,*,#1039,.T.);
#1039 = EDGE_CURVE('',#1032,#1040,#1042,.T.);
#1040 = VERTEX_POINT('',#1041);
#1041 = CARTESIAN_POINT('',(9.482102118579,15.732867946872,30.));
#1042 = LINE('',#1043,#1044);
#1043 = CARTESIAN_POINT('',(8.872373630121,15.585247226125,30.));
#1044 = VECTOR('',#1045,1.);
#1045 = DIRECTION('',(0.971920228539,0.23531058063,0.));
#1046 = ORIENTED_EDGE('',*,*,#1047,.T.);
#1047 = EDGE_CURVE('',#1040,#1048,#1050,.T.);
#1048 = VERTEX_POINT('',#1049);
#1049 = CARTESIAN_POINT('',(10.098712174189,15.848422030103,30.));
#1050 = LINE('',#1051,#1052);
#1051 = CARTESIAN_POINT('',(9.482102118579,15.732867946872,30.));
#1052 = VECTOR('',#1053,1.);
#1053 = DIRECTION('',(0.982889593504,0.184195675794,0.));
#1054 = ORIENTED_EDGE('',*,*,#1055,.T.);
#1055 = EDGE_CURVE('',#1048,#1056,#1058,.T.);
#1056 = VERTEX_POINT('',#1057);
#1057 = CARTESIAN_POINT('',(10.720518564387,15.931593659521,30.));
#1058 = LINE('',#1059,#1060);
#1059 = CARTESIAN_POINT('',(10.098712174189,15.848422030103,30.));
#1060 = VECTOR('',#1061,1.);
#1061 = DIRECTION('',(0.991172661781,0.132577353039,0.));
#1062 = ORIENTED_EDGE('',*,*,#1063,.T.);
#1063 = EDGE_CURVE('',#1056,#1064,#1066,.T.);
#1064 = VERTEX_POINT('',#1065);
#1065 = CARTESIAN_POINT('',(11.345821854711,15.982155522035,30.));
#1066 = LINE('',#1067,#1068);
#1067 = CARTESIAN_POINT('',(10.720518564387,15.931593659521,30.));
#1068 = VECTOR('',#1069,1.);
#1069 = DIRECTION('',(0.996746795242,8.059668836201E-02,0.));
#1070 = ORIENTED_EDGE('',*,*,#1071,.T.);
#1071 = EDGE_CURVE('',#1064,#1072,#1074,.T.);
#1072 = VERTEX_POINT('',#1073);
#1073 = CARTESIAN_POINT('',(11.97291305346,15.999969429016,30.));
#1074 = LINE('',#1075,#1076);
#1075 = CARTESIAN_POINT('',(11.345821854711,15.982155522035,30.));
#1076 = VECTOR('',#1077,1.);
#1077 = DIRECTION('',(0.999596759445,2.839574806255E-02,0.));
#1078 = ORIENTED_EDGE('',*,*,#1079,.T.);
#1079 = EDGE_CURVE('',#1072,#1080,#1082,.T.);
#1080 = VERTEX_POINT('',#1081);
#1081 = CARTESIAN_POINT('',(12.600078282473,15.984986693981,30.));
#1082 = LINE('',#1083,#1084);
#1083 = CARTESIAN_POINT('',(11.97291305346,15.999969429016,30.));
#1084 = VECTOR('',#1085,1.);
#1085 = DIRECTION('',(0.999714765264,-2.388279953329E-02,0.));
#1086 = ORIENTED_EDGE('',*,*,#1087,.T.);
#1087 = EDGE_CURVE('',#1080,#1088,#1090,.T.);
#1088 = VERTEX_POINT('',#1089);
#1089 = CARTESIAN_POINT('',(13.225603461255,15.93724826565,30.));
#1090 = LINE('',#1091,#1092);
#1091 = CARTESIAN_POINT('',(12.600078282473,15.984986693981,30.));
#1092 = VECTOR('',#1093,1.);
#1093 = DIRECTION('',(0.997100490183,-7.609607399396E-02,0.));
#1094 = ORIENTED_EDGE('',*,*,#1095,.T.);
#1095 = EDGE_CURVE('',#1088,#1096,#1098,.T.);
#1096 = VERTEX_POINT('',#1097);
#1097 = CARTESIAN_POINT('',(13.847778991674,15.856884616033,30.));
#1098 = LINE('',#1099,#1100);
#1099 = CARTESIAN_POINT('',(13.225603461255,15.93724826565,30.));
#1100 = VECTOR('',#1101,1.);
#1101 = DIRECTION('',(0.991761079173,-0.128101373283,0.));
#1102 = ORIENTED_EDGE('',*,*,#1103,.T.);
#1103 = EDGE_CURVE('',#1096,#1104,#1106,.T.);
#1104 = VERTEX_POINT('',#1105);
#1105 = CARTESIAN_POINT('',(14.464904430384,15.744115383845,30.));
#1106 = LINE('',#1107,#1108);
#1107 = CARTESIAN_POINT('',(13.847778991674,15.856884616033,30.));
#1108 = VECTOR('',#1109,1.);
#1109 = DIRECTION('',(0.983711125168,-0.179756563774,0.));
#1110 = ORIENTED_EDGE('',*,*,#1111,.T.);
#1111 = EDGE_CURVE('',#1104,#1112,#1114,.T.);
#1112 = VERTEX_POINT('',#1113);
#1113 = CARTESIAN_POINT('',(15.075293136247,15.599248774216,30.));
#1114 = LINE('',#1115,#1116);
#1115 = CARTESIAN_POINT('',(14.464904430384,15.744115383845,30.));
#1116 = VECTOR('',#1117,1.);
#1117 = DIRECTION('',(0.972972629179,-0.230920468707,0.));
#1118 = ORIENTED_EDGE('',*,*,#1119,.T.);
#1119 = EDGE_CURVE('',#1112,#1120,#1122,.T.);
#1120 = VERTEX_POINT('',#1121);
#1121 = CARTESIAN_POINT('',(15.677276880024,15.422680716349,30.));
#1122 = LINE('',#1123,#1124);
#1123 = CARTESIAN_POINT('',(15.075293136247,15.599248774216,30.));
#1124 = VECTOR('',#1125,1.);
#1125 = DIRECTION('',(0.959574940165,-0.281453254037,0.));
#1126 = ORIENTED_EDGE('',*,*,#1127,.T.);
#1127 = EDGE_CURVE('',#1120,#1128,#1130,.T.);
#1128 = VERTEX_POINT('',#1129);
#1129 = CARTESIAN_POINT('',(16.269210403745,15.214893781421,30.));
#1130 = LINE('',#1131,#1132);
#1131 = CARTESIAN_POINT('',(15.677276880024,15.422680716349,30.));
#1132 = VECTOR('',#1133,1.);
#1133 = DIRECTION('',(0.943554674819,-0.331216810605,0.));
#1134 = ORIENTED_EDGE('',*,*,#1135,.T.);
#1135 = EDGE_CURVE('',#1128,#1136,#1138,.T.);
#1136 = VERTEX_POINT('',#1137);
#1137 = CARTESIAN_POINT('',(16.849475917298,14.976455863691,30.));
#1138 = LINE('',#1139,#1140);
#1139 = CARTESIAN_POINT('',(16.269210403745,15.214893781421,30.));
#1140 = VECTOR('',#1141,1.);
#1141 = DIRECTION('',(0.924955617496,-0.380075131604,0.));
#1142 = ORIENTED_EDGE('',*,*,#1143,.T.);
#1143 = EDGE_CURVE('',#1136,#1144,#1146,.T.);
#1144 = VERTEX_POINT('',#1145);
#1145 = CARTESIAN_POINT('',(17.41648751995,14.708018628403,30.));
#1146 = LINE('',#1147,#1148);
#1147 = CARTESIAN_POINT('',(16.849475917298,14.976455863691,30.));
#1148 = VECTOR('',#1149,1.);
#1149 = DIRECTION('',(0.903828600543,-0.427894684286,0.));
#1150 = ORIENTED_EDGE('',*,*,#1151,.T.);
#1151 = EDGE_CURVE('',#1144,#1152,#1154,.T.);
#1152 = VERTEX_POINT('',#1153);
#1153 = CARTESIAN_POINT('',(17.968695534707,14.410315730753,30.));
#1154 = LINE('',#1155,#1156);
#1155 = CARTESIAN_POINT('',(17.41648751995,14.708018628403,30.));
#1156 = VECTOR('',#1157,1.);
#1157 = DIRECTION('',(0.880231365376,-0.474544774925,0.));
#1158 = ORIENTED_EDGE('',*,*,#1159,.T.);
#1159 = EDGE_CURVE('',#1152,#1160,#1162,.T.);
#1160 = VERTEX_POINT('',#1161);
#1161 = CARTESIAN_POINT('',(18.504590743676,14.084160810761,30.));
#1162 = LINE('',#1163,#1164);
#1163 = CARTESIAN_POINT('',(17.968695534707,14.410315730753,30.));
#1164 = VECTOR('',#1165,1.);
#1165 = DIRECTION('',(0.854228404665,-0.519897906001,0.));
#1166 = ORIENTED_EDGE('',*,*,#1167,.T.);
#1167 = EDGE_CURVE('',#1160,#1168,#1170,.T.);
#1168 = VERTEX_POINT('',#1169);
#1169 = CARTESIAN_POINT('',(19.022708512848,13.730445269543,30.));
#1170 = LINE('',#1171,#1172);
#1171 = CARTESIAN_POINT('',(18.504590743676,14.084160810761,30.));
#1172 = VECTOR('',#1173,1.);
#1173 = DIRECTION('',(0.825890786074,-0.563830124664,0.));
#1174 = ORIENTED_EDGE('',*,*,#1175,.T.);
#1175 = EDGE_CURVE('',#1168,#1176,#1178,.T.);
#1176 = VERTEX_POINT('',#1177);
#1177 = CARTESIAN_POINT('',(19.521632795033,13.350135833061,30.));
#1178 = LINE('',#1179,#1180);
#1179 = CARTESIAN_POINT('',(19.022708512848,13.730445269543,30.));
#1180 = VECTOR('',#1181,1.);
#1181 = DIRECTION('',(0.795295958027,-0.606221361505,0.));
#1182 = ORIENTED_EDGE('',*,*,#1183,.T.);
#1183 = EDGE_CURVE('',#1176,#1184,#1186,.T.);
#1184 = VERTEX_POINT('',#1185);
#1185 = CARTESIAN_POINT('',(20.,12.944271909999,30.));
#1186 = LINE('',#1187,#1188);
#1187 = CARTESIAN_POINT('',(19.521632795033,13.350135833061,30.));
#1188 = VECTOR('',#1189,1.);
#1189 = DIRECTION('',(0.762527538041,-0.646955758711,0.));
#1190 = ORIENTED_EDGE('',*,*,#1191,.T.);
#1191 = EDGE_CURVE('',#1184,#1192,#1194,.T.);
#1192 = VERTEX_POINT('',#1193);
#1193 = CARTESIAN_POINT('',(30.,4.,30.));
#1194 = LINE('',#1195,#1196);
#1195 = CARTESIAN_POINT('',(20.,12.944271909999,30.));
#1196 = VECTOR('',#1197,1.);
#1197 = DIRECTION('',(0.7453559925,-0.666666666667,0.));
#1198 = ORIENTED_EDGE('',*,*,#1199,.T.);
#1199 = EDGE_CURVE('',#1192,#1200,#1202,.T.);
#1200 = VERTEX_POINT('',#1201);
#1201 = CARTESIAN_POINT('',(100.,4.,30.));
#1202 = LINE('',#1203,#1204);
#1203 = CARTESIAN_POINT('',(30.,4.,30.));
#1204 = VECTOR('',#1205,1.);
#1205 = DIRECTION('',(1.,0.,0.));
#1206 = ORIENTED_EDGE('',*,*,#1207,.F.);
#1207 = EDGE_CURVE('',#1208,#1200,#1210,.T.);
#1208 = VERTEX_POINT('',#1209);
#1209 = CARTESIAN_POINT('',(100.,0.,30.));
#1210 = LINE('',#1211,#1212);
#1211 = CARTESIAN_POINT('',(100.,-1.,30.));
#1212 = VECTOR('',#1213,1.);
#1213 = DIRECTION('',(0.,1.,0.));
#1214 = ORIENTED_EDGE('',*,*,#1215,.T.);
#1215 = EDGE_CURVE('',#1208,#1216,#1218,.T.);
#1216 = VERTEX_POINT('',#1217);
#1217 = CARTESIAN_POINT('',(20.,0.,30.));
#1218 = LINE('',#1219,#1220);
#1219 = CARTESIAN_POINT('',(110.,0.,30.));
#1220 = VECTOR('',#1221,1.);
#1221 = DIRECTION('',(-1.,0.,0.));
#1222 = ORIENTED_EDGE('',*,*,#1223,.T.);
#1223 = EDGE_CURVE('',#1216,#1224,#1226,.T.);
#1224 = VERTEX_POINT('',#1225);
#1225 = CARTESIAN_POINT('',(20.,4.,30.));
#1226 = LINE('',#1227,#1228);
#1227 = CARTESIAN_POINT('',(20.,0.,30.));
#1228 = VECTOR('',#1229,1.);
#1229 = DIRECTION('',(0.,1.,0.));
#1230 = ORIENTED_EDGE('',*,*,#1231,.T.);
#1231 = EDGE_CURVE('',#1224,#1232,#1234,.T.);
#1232 = VERTEX_POINT('',#1233);
#1233 = CARTESIAN_POINT('',(19.975338669865,4.627672765823,30.));
#1234 = LINE('',#1235,#1236);
#1235 = CARTESIAN_POINT('',(20.,4.,30.));
#1236 = VECTOR('',#1237,1.);
#1237 = DIRECTION('',(-3.925981575907E-02,0.999229036241,0.));
#1238 = ORIENTED_EDGE('',*,*,#1239,.T.);
#1239 = EDGE_CURVE('',#1232,#1240,#1242,.T.);
#1240 = VERTEX_POINT('',#1241);
#1241 = CARTESIAN_POINT('',(19.901506724761,5.251475720322,30.));
#1242 = LINE('',#1243,#1244);
#1243 = CARTESIAN_POINT('',(19.975338669865,4.627672765823,30.));
#1244 = VECTOR('',#1245,1.);
#1245 = DIRECTION('',(-0.117537397458,0.993068456955,0.));
#1246 = ORIENTED_EDGE('',*,*,#1247,.T.);
#1247 = EDGE_CURVE('',#1240,#1248,#1250,.T.);
#1248 = VERTEX_POINT('',#1249);
#1249 = CARTESIAN_POINT('',(19.778959363181,5.867562910847,30.));
#1250 = LINE('',#1251,#1252);
#1251 = CARTESIAN_POINT('',(19.901506724761,5.251475720322,30.));
#1252 = VECTOR('',#1253,1.);
#1253 = DIRECTION('',(-0.195090322016,0.980785280403,0.));
#1254 = ORIENTED_EDGE('',*,*,#1255,.T.);
#1255 = EDGE_CURVE('',#1248,#1256,#1258,.T.);
#1256 = VERTEX_POINT('',#1257);
#1257 = CARTESIAN_POINT('',(19.608452130361,6.472135955,30.));
#1258 = LINE('',#1259,#1260);
#1259 = CARTESIAN_POINT('',(19.778959363181,5.867562910847,30.));
#1260 = VECTOR('',#1261,1.);
#1261 = DIRECTION('',(-0.271440449865,0.962455236454,0.));
#1262 = ORIENTED_EDGE('',*,*,#1263,.T.);
#1263 = EDGE_CURVE('',#1256,#1264,#1266,.T.);
#1264 = VERTEX_POINT('',#1265);
#1265 = CARTESIAN_POINT('',(19.39103626009,7.061467458921,30.));
#1266 = LINE('',#1267,#1268);
#1267 = CARTESIAN_POINT('',(19.608452130361,6.472135955,30.));
#1268 = VECTOR('',#1269,1.);
#1269 = DIRECTION('',(-0.346117057077,0.938191335922,0.));
#1270 = ORIENTED_EDGE('',*,*,#1271,.T.);
#1271 = EDGE_CURVE('',#1264,#1272,#1274,.T.);
#1272 = VERTEX_POINT('',#1273);
#1273 = CARTESIAN_POINT('',(19.128052193507,7.631923997916,30.));
#1274 = LINE('',#1275,#1276);
#1275 = CARTESIAN_POINT('',(19.39103626009,7.061467458921,30.));
#1276 = VECTOR('',#1277,1.);
#1277 = DIRECTION('',(-0.418659737537,0.908143173825,0.));
#1278 = ORIENTED_EDGE('',*,*,#1279,.T.);
#1279 = EDGE_CURVE('',#1272,#1280,#1282,.T.);
#1280 = VERTEX_POINT('',#1281);
#1281 = CARTESIAN_POINT('',(18.821121314833,8.179988517728,30.));
#1282 = LINE('',#1283,#1284);
#1283 = CARTESIAN_POINT('',(19.128052193507,7.631923997916,30.));
#1284 = VECTOR('',#1285,1.);
#1285 = DIRECTION('',(-0.488621241497,0.872496007073,0.));
#1286 = ORIENTED_EDGE('',*,*,#1287,.T.);
#1287 = EDGE_CURVE('',#1280,#1288,#1290,.T.);
#1288 = VERTEX_POINT('',#1289);
#1289 = CARTESIAN_POINT('',(18.472135955,8.70228201834,30.));
#1290 = LINE('',#1291,#1292);
#1291 = CARTESIAN_POINT('',(18.821121314833,8.179988517728,30.));
#1292 = VECTOR('',#1293,1.);
#1293 = DIRECTION('',(-0.55557023302,0.831469612303,0.));
#1294 = ORIENTED_EDGE('',*,*,#1295,.T.);
#1295 = EDGE_CURVE('',#1288,#1296,#1298,.T.);
#1296 = VERTEX_POINT('',#1297);
#1297 = CARTESIAN_POINT('',(18.0832477248,9.195584386641,30.));
#1298 = LINE('',#1299,#1300);
#1299 = CARTESIAN_POINT('',(18.472135955,8.70228201834,30.));
#1300 = VECTOR('',#1301,1.);
#1301 = DIRECTION('',(-0.61909394931,0.785316930881,0.));
#1302 = ORIENTED_EDGE('',*,*,#1303,.T.);
#1303 = EDGE_CURVE('',#1296,#1304,#1306,.T.);
#1304 = VERTEX_POINT('',#1305);
#1305 = CARTESIAN_POINT('',(17.656854249492,9.656854249492,30.));
#1306 = LINE('',#1307,#1308);
#1307 = CARTESIAN_POINT('',(18.0832477248,9.195584386641,30.));
#1308 = VECTOR('',#1309,1.);
#1309 = DIRECTION('',(-0.678800745533,0.734322509436,0.));
#1310 = ORIENTED_EDGE('',*,*,#1311,.T.);
#1311 = EDGE_CURVE('',#1304,#1312,#1314,.T.);
#1312 = VERTEX_POINT('',#1313);
#1313 = CARTESIAN_POINT('',(17.195584386641,10.0832477248,30.));
#1314 = LINE('',#1315,#1316);
#1315 = CARTESIAN_POINT('',(17.656854249492,9.656854249492,30.));
#1316 = VECTOR('',#1317,1.);
#1317 = DIRECTION('',(-0.734322509436,0.678800745533,0.));
#1318 = ORIENTED_EDGE('',*,*,#1319,.T.);
#1319 = EDGE_CURVE('',#1312,#1320,#1322,.T.);
#1320 = VERTEX_POINT('',#1321);
#1321 = CARTESIAN_POINT('',(16.70228201834,10.472135955,30.));
#1322 = LINE('',#1323,#1324);
#1323 = CARTESIAN_POINT('',(17.195584386641,10.0832477248,30.));
#1324 = VECTOR('',#1325,1.);
#1325 = DIRECTION('',(-0.785316930881,0.61909394931,0.));
#1326 = ORIENTED_EDGE('',*,*,#1327,.T.);
#1327 = EDGE_CURVE('',#1320,#1328,#1330,.T.);
#1328 = VERTEX_POINT('',#1329);
#1329 = CARTESIAN_POINT('',(16.179988517728,10.821121314833,30.));
#1330 = LINE('',#1331,#1332);
#1331 = CARTESIAN_POINT('',(16.70228201834,10.472135955,30.));
#1332 = VECTOR('',#1333,1.);
#1333 = DIRECTION('',(-0.831469612303,0.55557023302,0.));
#1334 = ORIENTED_EDGE('',*,*,#1335,.T.);
#1335 = EDGE_CURVE('',#1328,#1336,#1338,.T.);
#1336 = VERTEX_POINT('',#1337);
#1337 = CARTESIAN_POINT('',(15.631923997916,11.128052193507,30.));
#1338 = LINE('',#1339,#1340);
#1339 = CARTESIAN_POINT('',(16.179988517728,10.821121314833,30.));
#1340 = VECTOR('',#1341,1.);
#1341 = DIRECTION('',(-0.872496007073,0.488621241497,0.));
#1342 = ORIENTED_EDGE('',*,*,#1343,.T.);
#1343 = EDGE_CURVE('',#1336,#1344,#1346,.T.);
#1344 = VERTEX_POINT('',#1345);
#1345 = CARTESIAN_POINT('',(15.061467458921,11.39103626009,30.));
#1346 = LINE('',#1347,#1348);
#1347 = CARTESIAN_POINT('',(15.631923997916,11.128052193507,30.));
#1348 = VECTOR('',#1349,1.);
#1349 = DIRECTION('',(-0.908143173825,0.418659737537,0.));
#1350 = ORIENTED_EDGE('',*,*,#1351,.T.);
#1351 = EDGE_CURVE('',#1344,#1352,#1354,.T.);
#1352 = VERTEX_POINT('',#1353);
#1353 = CARTESIAN_POINT('',(14.472135955,11.608452130361,30.));
#1354 = LINE('',#1355,#1356);
#1355 = CARTESIAN_POINT('',(15.061467458921,11.39103626009,30.));
#1356 = VECTOR('',#1357,1.);
#1357 = DIRECTION('',(-0.938191335922,0.346117057077,0.));
#1358 = ORIENTED_EDGE('',*,*,#1359,.T.);
#1359 = EDGE_CURVE('',#1352,#1360,#1362,.T.);
#1360 = VERTEX_POINT('',#1361);
#1361 = CARTESIAN_POINT('',(13.867562910847,11.778959363181,30.));
#1362 = LINE('',#1363,#1364);
#1363 = CARTESIAN_POINT('',(14.472135955,11.608452130361,30.));
#1364 = VECTOR('',#1365,1.);
#1365 = DIRECTION('',(-0.962455236454,0.271440449865,0.));
#1366 = ORIENTED_EDGE('',*,*,#1367,.T.);
#1367 = EDGE_CURVE('',#1360,#1368,#1370,.T.);
#1368 = VERTEX_POINT('',#1369);
#1369 = CARTESIAN_POINT('',(13.251475720322,11.901506724761,30.));
#1370 = LINE('',#1371,#1372);
#1371 = CARTESIAN_POINT('',(13.867562910847,11.778959363181,30.));
#1372 = VECTOR('',#1373,1.);
#1373 = DIRECTION('',(-0.980785280403,0.195090322016,0.));
#1374 = ORIENTED_EDGE('',*,*,#1375,.T.);
#1375 = EDGE_CURVE('',#1368,#1376,#1378,.T.);
#1376 = VERTEX_POINT('',#1377);
#1377 = CARTESIAN_POINT('',(12.627672765823,11.975338669865,30.));
#1378 = LINE('',#1379,#1380);
#1379 = CARTESIAN_POINT('',(13.251475720322,11.901506724761,30.));
#1380 = VECTOR('',#1381,1.);
#1381 = DIRECTION('',(-0.993068456955,0.117537397458,0.));
#1382 = ORIENTED_EDGE('',*,*,#1383,.T.);
#1383 = EDGE_CURVE('',#1376,#1384,#1386,.T.);
#1384 = VERTEX_POINT('',#1385);
#1385 = CARTESIAN_POINT('',(12.,12.,30.));
#1386 = LINE('',#1387,#1388);
#1387 = CARTESIAN_POINT('',(12.627672765823,11.975338669865,30.));
#1388 = VECTOR('',#1389,1.);
#1389 = DIRECTION('',(-0.999229036241,3.925981575907E-02,0.));
#1390 = ORIENTED_EDGE('',*,*,#1391,.T.);
#1391 = EDGE_CURVE('',#1384,#1392,#1394,.T.);
#1392 = VERTEX_POINT('',#1393);
#1393 = CARTESIAN_POINT('',(11.372327234177,11.975338669865,30.));
#1394 = LINE('',#1395,#1396);
#1395 = CARTESIAN_POINT('',(12.,12.,30.));
#1396 = VECTOR('',#1397,1.);
#1397 = DIRECTION('',(-0.999229036241,-3.925981575907E-02,0.));
#1398 = ORIENTED_EDGE('',*,*,#1399,.T.);
#1399 = EDGE_CURVE('',#1392,#1400,#1402,.T.);
#1400 = VERTEX_POINT('',#1401);
#1401 = CARTESIAN_POINT('',(10.748524279678,11.901506724761,30.));
#1402 = LINE('',#1403,#1404);
#1403 = CARTESIAN_POINT('',(11.372327234177,11.975338669865,30.));
#1404 = VECTOR('',#1405,1.);
#1405 = DIRECTION('',(-0.993068456955,-0.117537397458,0.));
#1406 = ORIENTED_EDGE('',*,*,#1407,.T.);
#1407 = EDGE_CURVE('',#1400,#1408,#1410,.T.);
#1408 = VERTEX_POINT('',#1409);
#1409 = CARTESIAN_POINT('',(10.132437089153,11.778959363181,30.));
#1410 = LINE('',#1411,#1412);
#1411 = CARTESIAN_POINT('',(10.748524279678,11.901506724761,30.));
#1412 = VECTOR('',#1413,1.);
#1413 = DIRECTION('',(-0.980785280403,-0.195090322016,0.));
#1414 = ORIENTED_EDGE('',*,*,#1415,.T.);
#1415 = EDGE_CURVE('',#1408,#1416,#1418,.T.);
#1416 = VERTEX_POINT('',#1417);
#1417 = CARTESIAN_POINT('',(9.527864045,11.608452130361,30.));
#1418 = LINE('',#1419,#1420);
#1419 = CARTESIAN_POINT('',(10.132437089153,11.778959363181,30.));
#1420 = VECTOR('',#1421,1.);
#1421 = DIRECTION('',(-0.962455236454,-0.271440449865,0.));
#1422 = ORIENTED_EDGE('',*,*,#1423,.T.);
#1423 = EDGE_CURVE('',#1416,#1424,#1426,.T.);
#1424 = VERTEX_POINT('',#1425);
#1425 = CARTESIAN_POINT('',(8.938532541079,11.39103626009,30.));
#1426 = LINE('',#1427,#1428);
#1427 = CARTESIAN_POINT('',(9.527864045,11.608452130361,30.));
#1428 = VECTOR('',#1429,1.);
#1429 = DIRECTION('',(-0.938191335922,-0.346117057077,0.));
#1430 = ORIENTED_EDGE('',*,*,#1431,.T.);
#1431 = EDGE_CURVE('',#1424,#1432,#1434,.T.);
#1432 = VERTEX_POINT('',#1433);
#1433 = CARTESIAN_POINT('',(8.368076002084,11.128052193507,30.));
#1434 = LINE('',#1435,#1436);
#1435 = CARTESIAN_POINT('',(8.938532541079,11.39103626009,30.));
#1436 = VECTOR('',#1437,1.);
#1437 = DIRECTION('',(-0.908143173825,-0.418659737537,0.));
#1438 = ORIENTED_EDGE('',*,*,#1439,.T.);
#1439 = EDGE_CURVE('',#1432,#1440,#1442,.T.);
#1440 = VERTEX_POINT('',#1441);
#1441 = CARTESIAN_POINT('',(7.820011482272,10.821121314833,30.));
#1442 = LINE('',#1443,#1444);
#1443 = CARTESIAN_POINT('',(8.368076002084,11.128052193507,30.));
#1444 = VECTOR('',#1445,1.);
#1445 = DIRECTION('',(-0.872496007073,-0.488621241497,0.));
#1446 = ORIENTED_EDGE('',*,*,#1447,.T.);
#1447 = EDGE_CURVE('',#1440,#1448,#1450,.T.);
#1448 = VERTEX_POINT('',#1449);
#1449 = CARTESIAN_POINT('',(7.29771798166,10.472135955,30.));
#1450 = LINE('',#1451,#1452);
#1451 = CARTESIAN_POINT('',(7.820011482272,10.821121314833,30.));
#1452 = VECTOR('',#1453,1.);
#1453 = DIRECTION('',(-0.831469612303,-0.55557023302,0.));
#1454 = ORIENTED_EDGE('',*,*,#1455,.T.);
#1455 = EDGE_CURVE('',#1448,#1456,#1458,.T.);
#1456 = VERTEX_POINT('',#1457);
#1457 = CARTESIAN_POINT('',(6.804415613359,10.0832477248,30.));
#1458 = LINE('',#1459,#1460);
#1459 = CARTESIAN_POINT('',(7.29771798166,10.472135955,30.));
#1460 = VECTOR('',#1461,1.);
#1461 = DIRECTION('',(-0.785316930881,-0.61909394931,0.));
#1462 = ORIENTED_EDGE('',*,*,#1463,.T.);
#1463 = EDGE_CURVE('',#1456,#1464,#1466,.T.);
#1464 = VERTEX_POINT('',#1465);
#1465 = CARTESIAN_POINT('',(6.343145750508,9.656854249492,30.));
#1466 = LINE('',#1467,#1468);
#1467 = CARTESIAN_POINT('',(6.804415613359,10.0832477248,30.));
#1468 = VECTOR('',#1469,1.);
#1469 = DIRECTION('',(-0.734322509436,-0.678800745533,0.));
#1470 = ORIENTED_EDGE('',*,*,#1471,.T.);
#1471 = EDGE_CURVE('',#1464,#1472,#1474,.T.);
#1472 = VERTEX_POINT('',#1473);
#1473 = CARTESIAN_POINT('',(5.9167522752,9.195584386641,30.));
#1474 = LINE('',#1475,#1476);
#1475 = CARTESIAN_POINT('',(6.343145750508,9.656854249492,30.));
#1476 = VECTOR('',#1477,1.);
#1477 = DIRECTION('',(-0.678800745533,-0.734322509436,0.));
#1478 = ORIENTED_EDGE('',*,*,#1479,.T.);
#1479 = EDGE_CURVE('',#1472,#1480,#1482,.T.);
#1480 = VERTEX_POINT('',#1481);
#1481 = CARTESIAN_POINT('',(5.527864045,8.70228201834,30.));
#1482 = LINE('',#1483,#1484);
#1483 = CARTESIAN_POINT('',(5.9167522752,9.195584386641,30.));
#1484 = VECTOR('',#1485,1.);
#1485 = DIRECTION('',(-0.61909394931,-0.785316930881,0.));
#1486 = ORIENTED_EDGE('',*,*,#1487,.T.);
#1487 = EDGE_CURVE('',#1480,#1488,#1490,.T.);
#1488 = VERTEX_POINT('',#1489);
#1489 = CARTESIAN_POINT('',(5.178878685167,8.179988517728,30.));
#1490 = LINE('',#1491,#1492);
#1491 = CARTESIAN_POINT('',(5.527864045,8.70228201834,30.));
#1492 = VECTOR('',#1493,1.);
#1493 = DIRECTION('',(-0.55557023302,-0.831469612303,0.));
#1494 = ORIENTED_EDGE('',*,*,#1495,.T.);
#1495 = EDGE_CURVE('',#1488,#1496,#1498,.T.);
#1496 = VERTEX_POINT('',#1497);
#1497 = CARTESIAN_POINT('',(4.871947806493,7.631923997916,30.));
#1498 = LINE('',#1499,#1500);
#1499 = CARTESIAN_POINT('',(5.178878685167,8.179988517728,30.));
#1500 = VECTOR('',#1501,1.);
#1501 = DIRECTION('',(-0.488621241497,-0.872496007073,0.));
#1502 = ORIENTED_EDGE('',*,*,#1503,.T.);
#1503 = EDGE_CURVE('',#1496,#1504,#1506,.T.);
#1504 = VERTEX_POINT('',#1505);
#1505 = CARTESIAN_POINT('',(4.60896373991,7.061467458921,30.));
#1506 = LINE('',#1507,#1508);
#1507 = CARTESIAN_POINT('',(4.871947806493,7.631923997916,30.));
#1508 = VECTOR('',#1509,1.);
#1509 = DIRECTION('',(-0.418659737537,-0.908143173825,0.));
#1510 = ORIENTED_EDGE('',*,*,#1511,.T.);
#1511 = EDGE_CURVE('',#1504,#1512,#1514,.T.);
#1512 = VERTEX_POINT('',#1513);
#1513 = CARTESIAN_POINT('',(4.391547869639,6.472135955,30.));
#1514 = LINE('',#1515,#1516);
#1515 = CARTESIAN_POINT('',(4.60896373991,7.061467458921,30.));
#1516 = VECTOR('',#1517,1.);
#1517 = DIRECTION('',(-0.346117057077,-0.938191335922,0.));
#1518 = ORIENTED_EDGE('',*,*,#1519,.T.);
#1519 = EDGE_CURVE('',#1512,#1520,#1522,.T.);
#1520 = VERTEX_POINT('',#1521);
#1521 = CARTESIAN_POINT('',(4.221040636819,5.867562910847,30.));
#1522 = LINE('',#1523,#1524);
#1523 = CARTESIAN_POINT('',(4.391547869639,6.472135955,30.));
#1524 = VECTOR('',#1525,1.);
#1525 = DIRECTION('',(-0.271440449865,-0.962455236454,0.));
#1526 = ORIENTED_EDGE('',*,*,#1527,.T.);
#1527 = EDGE_CURVE('',#1520,#1528,#1530,.T.);
#1528 = VERTEX_POINT('',#1529);
#1529 = CARTESIAN_POINT('',(4.098493275239,5.251475720322,30.));
#1530 = LINE('',#1531,#1532);
#1531 = CARTESIAN_POINT('',(4.221040636819,5.867562910847,30.));
#1532 = VECTOR('',#1533,1.);
#1533 = DIRECTION('',(-0.195090322016,-0.980785280403,0.));
#1534 = ORIENTED_EDGE('',*,*,#1535,.T.);
#1535 = EDGE_CURVE('',#1528,#1536,#1538,.T.);
#1536 = VERTEX_POINT('',#1537);
#1537 = CARTESIAN_POINT('',(4.024661330135,4.627672765823,30.));
#1538 = LINE('',#1539,#1540);
#1539 = CARTESIAN_POINT('',(4.098493275239,5.251475720322,30.));
#1540 = VECTOR('',#1541,1.);
#1541 = DIRECTION('',(-0.117537397458,-0.993068456955,0.));
#1542 = ORIENTED_EDGE('',*,*,#1543,.T.);
#1543 = EDGE_CURVE('',#1536,#1544,#1546,.T.);
#1544 = VERTEX_POINT('',#1545);
#1545 = CARTESIAN_POINT('',(4.,4.,30.));
#1546 = LINE('',#1547,#1548);
#1547 = CARTESIAN_POINT('',(4.024661330135,4.627672765823,30.));
#1548 = VECTOR('',#1549,1.);
#1549 = DIRECTION('',(-3.925981575907E-02,-0.999229036241,0.));
#1550 = ORIENTED_EDGE('',*,*,#1551,.T.);
#1551 = EDGE_CURVE('',#1544,#64,#1552,.T.);
#1552 = LINE('',#1553,#1554);
#1553 = CARTESIAN_POINT('',(4.,4.,30.));
#1554 = VECTOR('',#1555,1.);
#1555 = DIRECTION('',(0.,-1.,0.));
#1556 = PLANE('',#1557);
#1557 = AXIS2_PLACEMENT_3D('',#1558,#1559,#1560);
#1558 = CARTESIAN_POINT('',(50.185742018563,4.077375105233,30.));
#1559 = DIRECTION('',(-0.,-0.,-1.));
#1560 = DIRECTION('',(-1.,0.,0.));
#1561 = ADVANCED_FACE('',(#1562),#1573,.T.);
#1562 = FACE_BOUND('',#1563,.T.);
#1563 = EDGE_LOOP('',(#1564,#1570,#1571,#1572));
#1564 = ORIENTED_EDGE('',*,*,#1565,.T.);
#1565 = EDGE_CURVE('',#823,#1544,#1566,.T.);
#1566 = LINE('',#1567,#1568);
#1567 = CARTESIAN_POINT('',(4.,4.,0.));
#1568 = VECTOR('',#1569,1.);
#1569 = DIRECTION('',(0.,0.,1.));
#1570 = ORIENTED_EDGE('',*,*,#1551,.T.);
#1571 = ORIENTED_EDGE('',*,*,#61,.F.);
#1572 = ORIENTED_EDGE('',*,*,#830,.F.);
#1573 = PLANE('',#1574);
#1574 = AXIS2_PLACEMENT_3D('',#1575,#1576,#1577);
#1575 = CARTESIAN_POINT('',(4.,4.,0.));
#1576 = DIRECTION('',(1.,0.,-0.));
#1577 = DIRECTION('',(0.,-1.,0.));
#1578 = ADVANCED_FACE('',(#1579),#1590,.T.);
#1579 = FACE_BOUND('',#1580,.T.);
#1580 = EDGE_LOOP('',(#1581,#1582,#1583,#1589));
#1581 = ORIENTED_EDGE('',*,*,#101,.T.);
#1582 = ORIENTED_EDGE('',*,*,#847,.T.);
#1583 = ORIENTED_EDGE('',*,*,#1584,.F.);
#1584 = EDGE_CURVE('',#127,#848,#1585,.T.);
#1585 = LINE('',#1586,#1587);
#1586 = CARTESIAN_POINT('',(6.554863342149E-02,5.252545639397,0.));
#1587 = VECTOR('',#1588,1.);
#1588 = DIRECTION('',(0.,0.,1.));
#1589 = ORIENTED_EDGE('',*,*,#126,.F.);
#1590 = PLANE('',#1591);
#1591 = AXIS2_PLACEMENT_3D('',#1592,#1593,#1594);
#1592 = CARTESIAN_POINT('',(1.639836278462E-02,4.627129811545,0.));
#1593 = DIRECTION('',(-0.996926182464,7.834658077232E-02,0.));
#1594 = DIRECTION('',(7.834658077232E-02,0.996926182464,0.));
#1595 = ADVANCED_FACE('',(#1596),#1607,.T.);
#1596 = FACE_BOUND('',#1597,.T.);
#1597 = EDGE_LOOP('',(#1598,#1604,#1605,#1606));
#1598 = ORIENTED_EDGE('',*,*,#1599,.T.);
#1599 = EDGE_CURVE('',#815,#1536,#1600,.T.);
#1600 = LINE('',#1601,#1602);
#1601 = CARTESIAN_POINT('',(4.024661330135,4.627672765823,0.));
#1602 = VECTOR('',#1603,1.);
#1603 = DIRECTION('',(0.,0.,1.));
#1604 = ORIENTED_EDGE('',*,*,#1543,.T.);
#1605 = ORIENTED_EDGE('',*,*,#1565,.F.);
#1606 = ORIENTED_EDGE('',*,*,#822,.F.);
#1607 = PLANE('',#1608);
#1608 = AXIS2_PLACEMENT_3D('',#1609,#1610,#1611);
#1609 = CARTESIAN_POINT('',(4.024661330135,4.627672765823,0.));
#1610 = DIRECTION('',(0.999229036241,-3.925981575907E-02,0.));
#1611 = DIRECTION('',(-3.925981575907E-02,-0.999229036241,0.));
#1612 = ADVANCED_FACE('',(#1613),#1624,.T.);
#1613 = FACE_BOUND('',#1614,.T.);
#1614 = EDGE_LOOP('',(#1615,#1621,#1622,#1623));
#1615 = ORIENTED_EDGE('',*,*,#1616,.T.);
#1616 = EDGE_CURVE('',#807,#1528,#1617,.T.);
#1617 = LINE('',#1618,#1619);
#1618 = CARTESIAN_POINT('',(4.098493275239,5.251475720322,0.));
#1619 = VECTOR('',#1620,1.);
#1620 = DIRECTION('',(0.,0.,1.));
#1621 = ORIENTED_EDGE('',*,*,#1535,.T.);
#1622 = ORIENTED_EDGE('',*,*,#1599,.F.);
#1623 = ORIENTED_EDGE('',*,*,#814,.F.);
#1624 = PLANE('',#1625);
#1625 = AXIS2_PLACEMENT_3D('',#1626,#1627,#1628);
#1626 = CARTESIAN_POINT('',(4.098493275239,5.251475720322,0.));
#1627 = DIRECTION('',(0.993068456955,-0.117537397458,0.));
#1628 = DIRECTION('',(-0.117537397458,-0.993068456955,0.));
#1629 = ADVANCED_FACE('',(#1630),#1641,.T.);
#1630 = FACE_BOUND('',#1631,.T.);
#1631 = EDGE_LOOP('',(#1632,#1638,#1639,#1640));
#1632 = ORIENTED_EDGE('',*,*,#1633,.T.);
#1633 = EDGE_CURVE('',#799,#1520,#1634,.T.);
#1634 = LINE('',#1635,#1636);
#1635 = CARTESIAN_POINT('',(4.221040636819,5.867562910847,0.));
#1636 = VECTOR('',#1637,1.);
#1637 = DIRECTION('',(0.,0.,1.));
#1638 = ORIENTED_EDGE('',*,*,#1527,.T.);
#1639 = ORIENTED_EDGE('',*,*,#1616,.F.);
#1640 = ORIENTED_EDGE('',*,*,#806,.F.);
#1641 = PLANE('',#1642);
#1642 = AXIS2_PLACEMENT_3D('',#1643,#1644,#1645);
#1643 = CARTESIAN_POINT('',(4.221040636819,5.867562910847,0.));
#1644 = DIRECTION('',(0.980785280403,-0.195090322016,0.));
#1645 = DIRECTION('',(-0.195090322016,-0.980785280403,0.));
#1646 = ADVANCED_FACE('',(#1647),#1658,.T.);
#1647 = FACE_BOUND('',#1648,.T.);
#1648 = EDGE_LOOP('',(#1649,#1655,#1656,#1657));
#1649 = ORIENTED_EDGE('',*,*,#1650,.T.);
#1650 = EDGE_CURVE('',#791,#1512,#1651,.T.);
#1651 = LINE('',#1652,#1653);
#1652 = CARTESIAN_POINT('',(4.391547869639,6.472135955,0.));
#1653 = VECTOR('',#1654,1.);
#1654 = DIRECTION('',(0.,0.,1.));
#1655 = ORIENTED_EDGE('',*,*,#1519,.T.);
#1656 = ORIENTED_EDGE('',*,*,#1633,.F.);
#1657 = ORIENTED_EDGE('',*,*,#798,.F.);
#1658 = PLANE('',#1659);
#1659 = AXIS2_PLACEMENT_3D('',#1660,#1661,#1662);
#1660 = CARTESIAN_POINT('',(4.391547869639,6.472135955,0.));
#1661 = DIRECTION('',(0.962455236454,-0.271440449865,0.));
#1662 = DIRECTION('',(-0.271440449865,-0.962455236454,0.));
#1663 = ADVANCED_FACE('',(#1664),#1675,.T.);
#1664 = FACE_BOUND('',#1665,.T.);
#1665 = EDGE_LOOP('',(#1666,#1672,#1673,#1674));
#1666 = ORIENTED_EDGE('',*,*,#1667,.T.);
#1667 = EDGE_CURVE('',#783,#1504,#1668,.T.);
#1668 = LINE('',#1669,#1670);
#1669 = CARTESIAN_POINT('',(4.60896373991,7.061467458921,0.));
#1670 = VECTOR('',#1671,1.);
#1671 = DIRECTION('',(0.,0.,1.));
#1672 = ORIENTED_EDGE('',*,*,#1511,.T.);
#1673 = ORIENTED_EDGE('',*,*,#1650,.F.);
#1674 = ORIENTED_EDGE('',*,*,#790,.F.);
#1675 = PLANE('',#1676);
#1676 = AXIS2_PLACEMENT_3D('',#1677,#1678,#1679);
#1677 = CARTESIAN_POINT('',(4.60896373991,7.061467458921,0.));
#1678 = DIRECTION('',(0.938191335922,-0.346117057077,0.));
#1679 = DIRECTION('',(-0.346117057077,-0.938191335922,0.));
#1680 = ADVANCED_FACE('',(#1681),#1692,.T.);
#1681 = FACE_BOUND('',#1682,.T.);
#1682 = EDGE_LOOP('',(#1683,#1689,#1690,#1691));
#1683 = ORIENTED_EDGE('',*,*,#1684,.T.);
#1684 = EDGE_CURVE('',#775,#1496,#1685,.T.);
#1685 = LINE('',#1686,#1687);
#1686 = CARTESIAN_POINT('',(4.871947806493,7.631923997916,0.));
#1687 = VECTOR('',#1688,1.);
#1688 = DIRECTION('',(0.,0.,1.));
#1689 = ORIENTED_EDGE('',*,*,#1503,.T.);
#1690 = ORIENTED_EDGE('',*,*,#1667,.F.);
#1691 = ORIENTED_EDGE('',*,*,#782,.F.);
#1692 = PLANE('',#1693);
#1693 = AXIS2_PLACEMENT_3D('',#1694,#1695,#1696);
#1694 = CARTESIAN_POINT('',(4.871947806493,7.631923997916,0.));
#1695 = DIRECTION('',(0.908143173825,-0.418659737537,0.));
#1696 = DIRECTION('',(-0.418659737537,-0.908143173825,0.));
#1697 = ADVANCED_FACE('',(#1698),#1709,.T.);
#1698 = FACE_BOUND('',#1699,.T.);
#1699 = EDGE_LOOP('',(#1700,#1706,#1707,#1708));
#1700 = ORIENTED_EDGE('',*,*,#1701,.T.);
#1701 = EDGE_CURVE('',#767,#1488,#1702,.T.);
#1702 = LINE('',#1703,#1704);
#1703 = CARTESIAN_POINT('',(5.178878685167,8.179988517728,0.));
#1704 = VECTOR('',#1705,1.);
#1705 = DIRECTION('',(0.,0.,1.));
#1706 = ORIENTED_EDGE('',*,*,#1495,.T.);
#1707 = ORIENTED_EDGE('',*,*,#1684,.F.);
#1708 = ORIENTED_EDGE('',*,*,#774,.F.);
#1709 = PLANE('',#1710);
#1710 = AXIS2_PLACEMENT_3D('',#1711,#1712,#1713);
#1711 = CARTESIAN_POINT('',(5.178878685167,8.179988517728,0.));
#1712 = DIRECTION('',(0.872496007073,-0.488621241497,0.));
#1713 = DIRECTION('',(-0.488621241497,-0.872496007073,0.));
#1714 = ADVANCED_FACE('',(#1715),#1726,.T.);
#1715 = FACE_BOUND('',#1716,.T.);
#1716 = EDGE_LOOP('',(#1717,#1723,#1724,#1725));
#1717 = ORIENTED_EDGE('',*,*,#1718,.T.);
#1718 = EDGE_CURVE('',#759,#1480,#1719,.T.);
#1719 = LINE('',#1720,#1721);
#1720 = CARTESIAN_POINT('',(5.527864045,8.70228201834,0.));
#1721 = VECTOR('',#1722,1.);
#1722 = DIRECTION('',(0.,0.,1.));
#1723 = ORIENTED_EDGE('',*,*,#1487,.T.);
#1724 = ORIENTED_EDGE('',*,*,#1701,.F.);
#1725 = ORIENTED_EDGE('',*,*,#766,.F.);
#1726 = PLANE('',#1727);
#1727 = AXIS2_PLACEMENT_3D('',#1728,#1729,#1730);
#1728 = CARTESIAN_POINT('',(5.527864045,8.70228201834,0.));
#1729 = DIRECTION('',(0.831469612303,-0.55557023302,0.));
#1730 = DIRECTION('',(-0.55557023302,-0.831469612303,0.));
#1731 = ADVANCED_FACE('',(#1732),#1743,.T.);
#1732 = FACE_BOUND('',#1733,.T.);
#1733 = EDGE_LOOP('',(#1734,#1740,#1741,#1742));
#1734 = ORIENTED_EDGE('',*,*,#1735,.T.);
#1735 = EDGE_CURVE('',#751,#1472,#1736,.T.);
#1736 = LINE('',#1737,#1738);
#1737 = CARTESIAN_POINT('',(5.9167522752,9.195584386641,0.));
#1738 = VECTOR('',#1739,1.);
#1739 = DIRECTION('',(0.,0.,1.));
#1740 = ORIENTED_EDGE('',*,*,#1479,.T.);
#1741 = ORIENTED_EDGE('',*,*,#1718,.F.);
#1742 = ORIENTED_EDGE('',*,*,#758,.F.);
#1743 = PLANE('',#1744);
#1744 = AXIS2_PLACEMENT_3D('',#1745,#1746,#1747);
#1745 = CARTESIAN_POINT('',(5.9167522752,9.195584386641,0.));
#1746 = DIRECTION('',(0.785316930881,-0.61909394931,0.));
#1747 = DIRECTION('',(-0.61909394931,-0.785316930881,0.));
#1748 = ADVANCED_FACE('',(#1749),#1760,.T.);
#1749 = FACE_BOUND('',#1750,.T.);
#1750 = EDGE_LOOP('',(#1751,#1757,#1758,#1759));
#1751 = ORIENTED_EDGE('',*,*,#1752,.T.);
#1752 = EDGE_CURVE('',#743,#1464,#1753,.T.);
#1753 = LINE('',#1754,#1755);
#1754 = CARTESIAN_POINT('',(6.343145750508,9.656854249492,0.));
#1755 = VECTOR('',#1756,1.);
#1756 = DIRECTION('',(0.,0.,1.));
#1757 = ORIENTED_EDGE('',*,*,#1471,.T.);
#1758 = ORIENTED_EDGE('',*,*,#1735,.F.);
#1759 = ORIENTED_EDGE('',*,*,#750,.F.);
#1760 = PLANE('',#1761);
#1761 = AXIS2_PLACEMENT_3D('',#1762,#1763,#1764);
#1762 = CARTESIAN_POINT('',(6.343145750508,9.656854249492,0.));
#1763 = DIRECTION('',(0.734322509436,-0.678800745533,0.));
#1764 = DIRECTION('',(-0.678800745533,-0.734322509436,0.));
#1765 = ADVANCED_FACE('',(#1766),#1777,.T.);
#1766 = FACE_BOUND('',#1767,.T.);
#1767 = EDGE_LOOP('',(#1768,#1774,#1775,#1776));
#1768 = ORIENTED_EDGE('',*,*,#1769,.T.);
#1769 = EDGE_CURVE('',#735,#1456,#1770,.T.);
#1770 = LINE('',#1771,#1772);
#1771 = CARTESIAN_POINT('',(6.804415613359,10.0832477248,0.));
#1772 = VECTOR('',#1773,1.);
#1773 = DIRECTION('',(0.,0.,1.));
#1774 = ORIENTED_EDGE('',*,*,#1463,.T.);
#1775 = ORIENTED_EDGE('',*,*,#1752,.F.);
#1776 = ORIENTED_EDGE('',*,*,#742,.F.);
#1777 = PLANE('',#1778);
#1778 = AXIS2_PLACEMENT_3D('',#1779,#1780,#1781);
#1779 = CARTESIAN_POINT('',(6.804415613359,10.0832477248,0.));
#1780 = DIRECTION('',(0.678800745533,-0.734322509436,0.));
#1781 = DIRECTION('',(-0.734322509436,-0.678800745533,0.));
#1782 = ADVANCED_FACE('',(#1783),#1794,.T.);
#1783 = FACE_BOUND('',#1784,.T.);
#1784 = EDGE_LOOP('',(#1785,#1791,#1792,#1793));
#1785 = ORIENTED_EDGE('',*,*,#1786,.T.);
#1786 = EDGE_CURVE('',#727,#1448,#1787,.T.);
#1787 = LINE('',#1788,#1789);
#1788 = CARTESIAN_POINT('',(7.29771798166,10.472135955,0.));
#1789 = VECTOR('',#1790,1.);
#1790 = DIRECTION('',(0.,0.,1.));
#1791 = ORIENTED_EDGE('',*,*,#1455,.T.);
#1792 = ORIENTED_EDGE('',*,*,#1769,.F.);
#1793 = ORIENTED_EDGE('',*,*,#734,.F.);
#1794 = PLANE('',#1795);
#1795 = AXIS2_PLACEMENT_3D('',#1796,#1797,#1798);
#1796 = CARTESIAN_POINT('',(7.29771798166,10.472135955,0.));
#1797 = DIRECTION('',(0.61909394931,-0.785316930881,0.));
#1798 = DIRECTION('',(-0.785316930881,-0.61909394931,0.));
#1799 = ADVANCED_FACE('',(#1800),#1811,.T.);
#1800 = FACE_BOUND('',#1801,.T.);
#1801 = EDGE_LOOP('',(#1802,#1808,#1809,#1810));
#1802 = ORIENTED_EDGE('',*,*,#1803,.T.);
#1803 = EDGE_CURVE('',#719,#1440,#1804,.T.);
#1804 = LINE('',#1805,#1806);
#1805 = CARTESIAN_POINT('',(7.820011482272,10.821121314833,0.));
#1806 = VECTOR('',#1807,1.);
#1807 = DIRECTION('',(0.,0.,1.));
#1808 = ORIENTED_EDGE('',*,*,#1447,.T.);
#1809 = ORIENTED_EDGE('',*,*,#1786,.F.);
#1810 = ORIENTED_EDGE('',*,*,#726,.F.);
#1811 = PLANE('',#1812);
#1812 = AXIS2_PLACEMENT_3D('',#1813,#1814,#1815);
#1813 = CARTESIAN_POINT('',(7.820011482272,10.821121314833,0.));
#1814 = DIRECTION('',(0.55557023302,-0.831469612303,0.));
#1815 = DIRECTION('',(-0.831469612303,-0.55557023302,0.));
#1816 = ADVANCED_FACE('',(#1817),#1828,.T.);
#1817 = FACE_BOUND('',#1818,.T.);
#1818 = EDGE_LOOP('',(#1819,#1825,#1826,#1827));
#1819 = ORIENTED_EDGE('',*,*,#1820,.T.);
#1820 = EDGE_CURVE('',#711,#1432,#1821,.T.);
#1821 = LINE('',#1822,#1823);
#1822 = CARTESIAN_POINT('',(8.368076002084,11.128052193507,0.));
#1823 = VECTOR('',#1824,1.);
#1824 = DIRECTION('',(0.,0.,1.));
#1825 = ORIENTED_EDGE('',*,*,#1439,.T.);
#1826 = ORIENTED_EDGE('',*,*,#1803,.F.);
#1827 = ORIENTED_EDGE('',*,*,#718,.F.);
#1828 = PLANE('',#1829);
#1829 = AXIS2_PLACEMENT_3D('',#1830,#1831,#1832);
#1830 = CARTESIAN_POINT('',(8.368076002084,11.128052193507,0.));
#1831 = DIRECTION('',(0.488621241497,-0.872496007073,0.));
#1832 = DIRECTION('',(-0.872496007073,-0.488621241497,0.));
#1833 = ADVANCED_FACE('',(#1834),#1845,.T.);
#1834 = FACE_BOUND('',#1835,.T.);
#1835 = EDGE_LOOP('',(#1836,#1842,#1843,#1844));
#1836 = ORIENTED_EDGE('',*,*,#1837,.T.);
#1837 = EDGE_CURVE('',#703,#1424,#1838,.T.);
#1838 = LINE('',#1839,#1840);
#1839 = CARTESIAN_POINT('',(8.938532541079,11.39103626009,0.));
#1840 = VECTOR('',#1841,1.);
#1841 = DIRECTION('',(0.,0.,1.));
#1842 = ORIENTED_EDGE('',*,*,#1431,.T.);
#1843 = ORIENTED_EDGE('',*,*,#1820,.F.);
#1844 = ORIENTED_EDGE('',*,*,#710,.F.);
#1845 = PLANE('',#1846);
#1846 = AXIS2_PLACEMENT_3D('',#1847,#1848,#1849);
#1847 = CARTESIAN_POINT('',(8.938532541079,11.39103626009,0.));
#1848 = DIRECTION('',(0.418659737537,-0.908143173825,0.));
#1849 = DIRECTION('',(-0.908143173825,-0.418659737537,0.));
#1850 = ADVANCED_FACE('',(#1851),#1879,.T.);
#1851 = FACE_BOUND('',#1852,.T.);
#1852 = EDGE_LOOP('',(#1853,#1854,#1862,#1871,#1877,#1878));
#1853 = ORIENTED_EDGE('',*,*,#702,.F.);
#1854 = ORIENTED_EDGE('',*,*,#1855,.T.);
#1855 = EDGE_CURVE('',#695,#1856,#1858,.T.);
#1856 = VERTEX_POINT('',#1857);
#1857 = CARTESIAN_POINT('',(9.527864045,11.608452130361,14.62778525016)
  );
#1858 = LINE('',#1859,#1860);
#1859 = CARTESIAN_POINT('',(9.527864045,11.608452130361,0.));
#1860 = VECTOR('',#1861,1.);
#1861 = DIRECTION('',(0.,0.,1.));
#1862 = ORIENTED_EDGE('',*,*,#1863,.F.);
#1863 = EDGE_CURVE('',#1864,#1856,#1866,.T.);
#1864 = VERTEX_POINT('',#1865);
#1865 = CARTESIAN_POINT('',(9.527864045,11.608452130361,15.37221474984)
  );
#1866 = ELLIPSE('',#1867,2.664701649096,2.5);
#1867 = AXIS2_PLACEMENT_3D('',#1868,#1869,#1870);
#1868 = CARTESIAN_POINT('',(12.,12.520471234224,15.));
#1869 = DIRECTION('',(0.346117057077,-0.938191335922,0.));
#1870 = DIRECTION('',(-0.938191335922,-0.346117057077,0.));
#1871 = ORIENTED_EDGE('',*,*,#1872,.T.);
#1872 = EDGE_CURVE('',#1864,#1416,#1873,.T.);
#1873 = LINE('',#1874,#1875);
#1874 = CARTESIAN_POINT('',(9.527864045,11.608452130361,0.));
#1875 = VECTOR('',#1876,1.);
#1876 = DIRECTION('',(0.,0.,1.));
#1877 = ORIENTED_EDGE('',*,*,#1423,.T.);
#1878 = ORIENTED_EDGE('',*,*,#1837,.F.);
#1879 = PLANE('',#1880);
#1880 = AXIS2_PLACEMENT_3D('',#1881,#1882,#1883);
#1881 = CARTESIAN_POINT('',(9.527864045,11.608452130361,0.));
#1882 = DIRECTION('',(0.346117057077,-0.938191335922,0.));
#1883 = DIRECTION('',(-0.938191335922,-0.346117057077,0.));
#1884 = ADVANCED_FACE('',(#1885),#1904,.T.);
#1885 = FACE_BOUND('',#1886,.T.);
#1886 = EDGE_LOOP('',(#1887,#1888,#1896,#1903));
#1887 = ORIENTED_EDGE('',*,*,#694,.F.);
#1888 = ORIENTED_EDGE('',*,*,#1889,.T.);
#1889 = EDGE_CURVE('',#687,#1890,#1892,.T.);
#1890 = VERTEX_POINT('',#1891);
#1891 = CARTESIAN_POINT('',(10.132437089153,11.778959363181,
    13.338010597498));
#1892 = LINE('',#1893,#1894);
#1893 = CARTESIAN_POINT('',(10.132437089153,11.778959363181,0.));
#1894 = VECTOR('',#1895,1.);
#1895 = DIRECTION('',(0.,0.,1.));
#1896 = ORIENTED_EDGE('',*,*,#1897,.F.);
#1897 = EDGE_CURVE('',#1856,#1890,#1898,.T.);
#1898 = ELLIPSE('',#1899,2.597523401932,2.5);
#1899 = AXIS2_PLACEMENT_3D('',#1900,#1901,#1902);
#1900 = CARTESIAN_POINT('',(12.,12.30566657768,15.));
#1901 = DIRECTION('',(0.271440449865,-0.962455236454,0.));
#1902 = DIRECTION('',(-0.962455236454,-0.271440449865,0.));
#1903 = ORIENTED_EDGE('',*,*,#1855,.F.);
#1904 = PLANE('',#1905);
#1905 = AXIS2_PLACEMENT_3D('',#1906,#1907,#1908);
#1906 = CARTESIAN_POINT('',(10.132437089153,11.778959363181,0.));
#1907 = DIRECTION('',(0.271440449865,-0.962455236454,0.));
#1908 = DIRECTION('',(-0.962455236454,-0.271440449865,0.));
#1909 = ADVANCED_FACE('',(#1910),#1929,.T.);
#1910 = FACE_BOUND('',#1911,.T.);
#1911 = EDGE_LOOP('',(#1912,#1913,#1921,#1928));
#1912 = ORIENTED_EDGE('',*,*,#686,.F.);
#1913 = ORIENTED_EDGE('',*,*,#1914,.T.);
#1914 = EDGE_CURVE('',#679,#1915,#1917,.T.);
#1915 = VERTEX_POINT('',#1916);
#1916 = CARTESIAN_POINT('',(10.748524279678,11.901506724761,
    12.835789168901));
#1917 = LINE('',#1918,#1919);
#1918 = CARTESIAN_POINT('',(10.748524279678,11.901506724761,0.));
#1919 = VECTOR('',#1920,1.);
#1920 = DIRECTION('',(0.,0.,1.));
#1921 = ORIENTED_EDGE('',*,*,#1922,.F.);
#1922 = EDGE_CURVE('',#1890,#1915,#1923,.T.);
#1923 = ELLIPSE('',#1924,2.548977895521,2.5);
#1924 = AXIS2_PLACEMENT_3D('',#1925,#1926,#1927);
#1925 = CARTESIAN_POINT('',(12.,12.150440723008,15.));
#1926 = DIRECTION('',(0.195090322016,-0.980785280403,0.));
#1927 = DIRECTION('',(-0.980785280403,-0.195090322016,0.));
#1928 = ORIENTED_EDGE('',*,*,#1889,.F.);
#1929 = PLANE('',#1930);
#1930 = AXIS2_PLACEMENT_3D('',#1931,#1932,#1933);
#1931 = CARTESIAN_POINT('',(10.748524279678,11.901506724761,0.));
#1932 = DIRECTION('',(0.195090322016,-0.980785280403,0.));
#1933 = DIRECTION('',(-0.980785280403,-0.195090322016,0.));
#1934 = ADVANCED_FACE('',(#1935),#1954,.T.);
#1935 = FACE_BOUND('',#1936,.T.);
#1936 = EDGE_LOOP('',(#1937,#1938,#1946,#1953));
#1937 = ORIENTED_EDGE('',*,*,#678,.F.);
#1938 = ORIENTED_EDGE('',*,*,#1939,.T.);
#1939 = EDGE_CURVE('',#671,#1940,#1942,.T.);
#1940 = VERTEX_POINT('',#1941);
#1941 = CARTESIAN_POINT('',(11.372327234177,11.975338669865,
    12.580077088202));
#1942 = LINE('',#1943,#1944);
#1943 = CARTESIAN_POINT('',(11.372327234177,11.975338669865,0.));
#1944 = VECTOR('',#1945,1.);
#1945 = DIRECTION('',(0.,0.,1.));
#1946 = ORIENTED_EDGE('',*,*,#1947,.F.);
#1947 = EDGE_CURVE('',#1915,#1940,#1948,.T.);
#1948 = ELLIPSE('',#1949,2.517449811734,2.5);
#1949 = AXIS2_PLACEMENT_3D('',#1950,#1951,#1952);
#1950 = CARTESIAN_POINT('',(12.,12.049628637322,15.));
#1951 = DIRECTION('',(0.117537397458,-0.993068456955,0.));
#1952 = DIRECTION('',(-0.993068456955,-0.117537397458,0.));
#1953 = ORIENTED_EDGE('',*,*,#1914,.F.);
#1954 = PLANE('',#1955);
#1955 = AXIS2_PLACEMENT_3D('',#1956,#1957,#1958);
#1956 = CARTESIAN_POINT('',(11.372327234177,11.975338669865,0.));
#1957 = DIRECTION('',(0.117537397458,-0.993068456955,0.));
#1958 = DIRECTION('',(-0.993068456955,-0.117537397458,0.));
#1959 = ADVANCED_FACE('',(#1960),#1979,.T.);
#1960 = FACE_BOUND('',#1961,.T.);
#1961 = EDGE_LOOP('',(#1962,#1963,#1971,#1978));
#1962 = ORIENTED_EDGE('',*,*,#670,.F.);
#1963 = ORIENTED_EDGE('',*,*,#1964,.T.);
#1964 = EDGE_CURVE('',#663,#1965,#1967,.T.);
#1965 = VERTEX_POINT('',#1966);
#1966 = CARTESIAN_POINT('',(12.,12.,12.5));
#1967 = LINE('',#1968,#1969);
#1968 = CARTESIAN_POINT('',(12.,12.,0.));
#1969 = VECTOR('',#1970,1.);
#1970 = DIRECTION('',(0.,0.,1.));
#1971 = ORIENTED_EDGE('',*,*,#1972,.F.);
#1972 = EDGE_CURVE('',#1940,#1965,#1973,.T.);
#1973 = ELLIPSE('',#1974,2.501928896507,2.5);
#1974 = AXIS2_PLACEMENT_3D('',#1975,#1976,#1977);
#1975 = CARTESIAN_POINT('',(12.,12.,15.));
#1976 = DIRECTION('',(3.925981575907E-02,-0.999229036241,0.));
#1977 = DIRECTION('',(-0.999229036241,-3.925981575907E-02,0.));
#1978 = ORIENTED_EDGE('',*,*,#1939,.F.);
#1979 = PLANE('',#1980);
#1980 = AXIS2_PLACEMENT_3D('',#1981,#1982,#1983);
#1981 = CARTESIAN_POINT('',(12.,12.,0.));
#1982 = DIRECTION('',(3.925981575907E-02,-0.999229036241,0.));
#1983 = DIRECTION('',(-0.999229036241,-3.925981575907E-02,0.));
#1984 = ADVANCED_FACE('',(#1985),#2004,.T.);
#1985 = FACE_BOUND('',#1986,.T.);
#1986 = EDGE_LOOP('',(#1987,#1988,#1996,#2003));
#1987 = ORIENTED_EDGE('',*,*,#662,.F.);
#1988 = ORIENTED_EDGE('',*,*,#1989,.T.);
#1989 = EDGE_CURVE('',#655,#1990,#1992,.T.);
#1990 = VERTEX_POINT('',#1991);
#1991 = CARTESIAN_POINT('',(12.627672765823,11.975338669865,
    12.580077088202));
#1992 = LINE('',#1993,#1994);
#1993 = CARTESIAN_POINT('',(12.627672765823,11.975338669865,0.));
#1994 = VECTOR('',#1995,1.);
#1995 = DIRECTION('',(0.,0.,1.));
#1996 = ORIENTED_EDGE('',*,*,#1997,.F.);
#1997 = EDGE_CURVE('',#1965,#1990,#1998,.T.);
#1998 = ELLIPSE('',#1999,2.501928896507,2.5);
#1999 = AXIS2_PLACEMENT_3D('',#2000,#2001,#2002);
#2000 = CARTESIAN_POINT('',(12.,12.,15.));
#2001 = DIRECTION('',(-3.925981575907E-02,-0.999229036241,0.));
#2002 = DIRECTION('',(0.999229036241,-3.925981575907E-02,0.));
#2003 = ORIENTED_EDGE('',*,*,#1964,.F.);
#2004 = PLANE('',#2005);
#2005 = AXIS2_PLACEMENT_3D('',#2006,#2007,#2008);
#2006 = CARTESIAN_POINT('',(12.627672765823,11.975338669865,0.));
#2007 = DIRECTION('',(-3.925981575907E-02,-0.999229036241,0.));
#2008 = DIRECTION('',(-0.999229036241,3.925981575907E-02,0.));
#2009 = ADVANCED_FACE('',(#2010),#2029,.T.);
#2010 = FACE_BOUND('',#2011,.T.);
#2011 = EDGE_LOOP('',(#2012,#2013,#2021,#2028));
#2012 = ORIENTED_EDGE('',*,*,#654,.F.);
#2013 = ORIENTED_EDGE('',*,*,#2014,.T.);
#2014 = EDGE_CURVE('',#647,#2015,#2017,.T.);
#2015 = VERTEX_POINT('',#2016);
#2016 = CARTESIAN_POINT('',(13.251475720322,11.901506724761,
    12.835789168901));
#2017 = LINE('',#2018,#2019);
#2018 = CARTESIAN_POINT('',(13.251475720322,11.901506724761,0.));
#2019 = VECTOR('',#2020,1.);
#2020 = DIRECTION('',(0.,0.,1.));
#2021 = ORIENTED_EDGE('',*,*,#2022,.F.);
#2022 = EDGE_CURVE('',#1990,#2015,#2023,.T.);
#2023 = ELLIPSE('',#2024,2.517449811734,2.5);
#2024 = AXIS2_PLACEMENT_3D('',#2025,#2026,#2027);
#2025 = CARTESIAN_POINT('',(12.,12.049628637322,15.));
#2026 = DIRECTION('',(-0.117537397458,-0.993068456955,0.));
#2027 = DIRECTION('',(0.993068456955,-0.117537397458,0.));
#2028 = ORIENTED_EDGE('',*,*,#1989,.F.);
#2029 = PLANE('',#2030);
#2030 = AXIS2_PLACEMENT_3D('',#2031,#2032,#2033);
#2031 = CARTESIAN_POINT('',(13.251475720322,11.901506724761,0.));
#2032 = DIRECTION('',(-0.117537397458,-0.993068456955,0.));
#2033 = DIRECTION('',(-0.993068456955,0.117537397458,0.));
#2034 = ADVANCED_FACE('',(#2035),#2054,.T.);
#2035 = FACE_BOUND('',#2036,.T.);
#2036 = EDGE_LOOP('',(#2037,#2038,#2046,#2053));
#2037 = ORIENTED_EDGE('',*,*,#646,.F.);
#2038 = ORIENTED_EDGE('',*,*,#2039,.T.);
#2039 = EDGE_CURVE('',#639,#2040,#2042,.T.);
#2040 = VERTEX_POINT('',#2041);
#2041 = CARTESIAN_POINT('',(13.867562910847,11.778959363181,
    13.338010597498));
#2042 = LINE('',#2043,#2044);
#2043 = CARTESIAN_POINT('',(13.867562910847,11.778959363181,0.));
#2044 = VECTOR('',#2045,1.);
#2045 = DIRECTION('',(0.,0.,1.));
#2046 = ORIENTED_EDGE('',*,*,#2047,.F.);
#2047 = EDGE_CURVE('',#2015,#2040,#2048,.T.);
#2048 = ELLIPSE('',#2049,2.548977895521,2.5);
#2049 = AXIS2_PLACEMENT_3D('',#2050,#2051,#2052);
#2050 = CARTESIAN_POINT('',(12.,12.150440723008,15.));
#2051 = DIRECTION('',(-0.195090322016,-0.980785280403,0.));
#2052 = DIRECTION('',(0.980785280403,-0.195090322016,0.));
#2053 = ORIENTED_EDGE('',*,*,#2014,.F.);
#2054 = PLANE('',#2055);
#2055 = AXIS2_PLACEMENT_3D('',#2056,#2057,#2058);
#2056 = CARTESIAN_POINT('',(13.867562910847,11.778959363181,0.));
#2057 = DIRECTION('',(-0.195090322016,-0.980785280403,0.));
#2058 = DIRECTION('',(-0.980785280403,0.195090322016,0.));
#2059 = ADVANCED_FACE('',(#2060),#2079,.T.);
#2060 = FACE_BOUND('',#2061,.T.);
#2061 = EDGE_LOOP('',(#2062,#2063,#2071,#2078));
#2062 = ORIENTED_EDGE('',*,*,#638,.F.);
#2063 = ORIENTED_EDGE('',*,*,#2064,.T.);
#2064 = EDGE_CURVE('',#631,#2065,#2067,.T.);
#2065 = VERTEX_POINT('',#2066);
#2066 = CARTESIAN_POINT('',(14.472135955,11.608452130361,14.62778525016)
  );
#2067 = LINE('',#2068,#2069);
#2068 = CARTESIAN_POINT('',(14.472135955,11.608452130361,0.));
#2069 = VECTOR('',#2070,1.);
#2070 = DIRECTION('',(0.,0.,1.));
#2071 = ORIENTED_EDGE('',*,*,#2072,.F.);
#2072 = EDGE_CURVE('',#2040,#2065,#2073,.T.);
#2073 = ELLIPSE('',#2074,2.597523401932,2.5);
#2074 = AXIS2_PLACEMENT_3D('',#2075,#2076,#2077);
#2075 = CARTESIAN_POINT('',(12.,12.30566657768,15.));
#2076 = DIRECTION('',(-0.271440449865,-0.962455236454,0.));
#2077 = DIRECTION('',(0.962455236454,-0.271440449865,0.));
#2078 = ORIENTED_EDGE('',*,*,#2039,.F.);
#2079 = PLANE('',#2080);
#2080 = AXIS2_PLACEMENT_3D('',#2081,#2082,#2083);
#2081 = CARTESIAN_POINT('',(14.472135955,11.608452130361,0.));
#2082 = DIRECTION('',(-0.271440449865,-0.962455236454,0.));
#2083 = DIRECTION('',(-0.962455236454,0.271440449865,0.));
#2084 = ADVANCED_FACE('',(#2085),#2111,.T.);
#2085 = FACE_BOUND('',#2086,.T.);
#2086 = EDGE_LOOP('',(#2087,#2088,#2094,#2095,#2103,#2110));
#2087 = ORIENTED_EDGE('',*,*,#630,.F.);
#2088 = ORIENTED_EDGE('',*,*,#2089,.T.);
#2089 = EDGE_CURVE('',#623,#1344,#2090,.T.);
#2090 = LINE('',#2091,#2092);
#2091 = CARTESIAN_POINT('',(15.061467458921,11.39103626009,0.));
#2092 = VECTOR('',#2093,1.);
#2093 = DIRECTION('',(0.,0.,1.));
#2094 = ORIENTED_EDGE('',*,*,#1351,.T.);
#2095 = ORIENTED_EDGE('',*,*,#2096,.F.);
#2096 = EDGE_CURVE('',#2097,#1352,#2099,.T.);
#2097 = VERTEX_POINT('',#2098);
#2098 = CARTESIAN_POINT('',(14.472135955,11.608452130361,15.37221474984)
  );
#2099 = LINE('',#2100,#2101);
#2100 = CARTESIAN_POINT('',(14.472135955,11.608452130361,0.));
#2101 = VECTOR('',#2102,1.);
#2102 = DIRECTION('',(0.,0.,1.));
#2103 = ORIENTED_EDGE('',*,*,#2104,.F.);
#2104 = EDGE_CURVE('',#2065,#2097,#2105,.T.);
#2105 = ELLIPSE('',#2106,2.664701649096,2.5);
#2106 = AXIS2_PLACEMENT_3D('',#2107,#2108,#2109);
#2107 = CARTESIAN_POINT('',(12.,12.520471234224,15.));
#2108 = DIRECTION('',(-0.346117057077,-0.938191335922,0.));
#2109 = DIRECTION('',(0.938191335922,-0.346117057077,0.));
#2110 = ORIENTED_EDGE('',*,*,#2064,.F.);
#2111 = PLANE('',#2112);
#2112 = AXIS2_PLACEMENT_3D('',#2113,#2114,#2115);
#2113 = CARTESIAN_POINT('',(15.061467458921,11.39103626009,0.));
#2114 = DIRECTION('',(-0.346117057077,-0.938191335922,0.));
#2115 = DIRECTION('',(-0.938191335922,0.346117057077,0.));
#2116 = ADVANCED_FACE('',(#2117),#2128,.T.);
#2117 = FACE_BOUND('',#2118,.T.);
#2118 = EDGE_LOOP('',(#2119,#2125,#2126,#2127));
#2119 = ORIENTED_EDGE('',*,*,#2120,.T.);
#2120 = EDGE_CURVE('',#615,#1336,#2121,.T.);
#2121 = LINE('',#2122,#2123);
#2122 = CARTESIAN_POINT('',(15.631923997916,11.128052193507,0.));
#2123 = VECTOR('',#2124,1.);
#2124 = DIRECTION('',(0.,0.,1.));
#2125 = ORIENTED_EDGE('',*,*,#1343,.T.);
#2126 = ORIENTED_EDGE('',*,*,#2089,.F.);
#2127 = ORIENTED_EDGE('',*,*,#622,.F.);
#2128 = PLANE('',#2129);
#2129 = AXIS2_PLACEMENT_3D('',#2130,#2131,#2132);
#2130 = CARTESIAN_POINT('',(15.631923997916,11.128052193507,0.));
#2131 = DIRECTION('',(-0.418659737537,-0.908143173825,0.));
#2132 = DIRECTION('',(-0.908143173825,0.418659737537,0.));
#2133 = ADVANCED_FACE('',(#2134),#2145,.T.);
#2134 = FACE_BOUND('',#2135,.T.);
#2135 = EDGE_LOOP('',(#2136,#2142,#2143,#2144));
#2136 = ORIENTED_EDGE('',*,*,#2137,.T.);
#2137 = EDGE_CURVE('',#607,#1328,#2138,.T.);
#2138 = LINE('',#2139,#2140);
#2139 = CARTESIAN_POINT('',(16.179988517728,10.821121314833,0.));
#2140 = VECTOR('',#2141,1.);
#2141 = DIRECTION('',(0.,0.,1.));
#2142 = ORIENTED_EDGE('',*,*,#1335,.T.);
#2143 = ORIENTED_EDGE('',*,*,#2120,.F.);
#2144 = ORIENTED_EDGE('',*,*,#614,.F.);
#2145 = PLANE('',#2146);
#2146 = AXIS2_PLACEMENT_3D('',#2147,#2148,#2149);
#2147 = CARTESIAN_POINT('',(16.179988517728,10.821121314833,0.));
#2148 = DIRECTION('',(-0.488621241497,-0.872496007073,0.));
#2149 = DIRECTION('',(-0.872496007073,0.488621241497,0.));
#2150 = ADVANCED_FACE('',(#2151),#2162,.T.);
#2151 = FACE_BOUND('',#2152,.T.);
#2152 = EDGE_LOOP('',(#2153,#2159,#2160,#2161));
#2153 = ORIENTED_EDGE('',*,*,#2154,.T.);
#2154 = EDGE_CURVE('',#599,#1320,#2155,.T.);
#2155 = LINE('',#2156,#2157);
#2156 = CARTESIAN_POINT('',(16.70228201834,10.472135955,0.));
#2157 = VECTOR('',#2158,1.);
#2158 = DIRECTION('',(0.,0.,1.));
#2159 = ORIENTED_EDGE('',*,*,#1327,.T.);
#2160 = ORIENTED_EDGE('',*,*,#2137,.F.);
#2161 = ORIENTED_EDGE('',*,*,#606,.F.);
#2162 = PLANE('',#2163);
#2163 = AXIS2_PLACEMENT_3D('',#2164,#2165,#2166);
#2164 = CARTESIAN_POINT('',(16.70228201834,10.472135955,0.));
#2165 = DIRECTION('',(-0.55557023302,-0.831469612303,0.));
#2166 = DIRECTION('',(-0.831469612303,0.55557023302,0.));
#2167 = ADVANCED_FACE('',(#2168),#2179,.T.);
#2168 = FACE_BOUND('',#2169,.T.);
#2169 = EDGE_LOOP('',(#2170,#2176,#2177,#2178));
#2170 = ORIENTED_EDGE('',*,*,#2171,.T.);
#2171 = EDGE_CURVE('',#591,#1312,#2172,.T.);
#2172 = LINE('',#2173,#2174);
#2173 = CARTESIAN_POINT('',(17.195584386641,10.0832477248,0.));
#2174 = VECTOR('',#2175,1.);
#2175 = DIRECTION('',(0.,0.,1.));
#2176 = ORIENTED_EDGE('',*,*,#1319,.T.);
#2177 = ORIENTED_EDGE('',*,*,#2154,.F.);
#2178 = ORIENTED_EDGE('',*,*,#598,.F.);
#2179 = PLANE('',#2180);
#2180 = AXIS2_PLACEMENT_3D('',#2181,#2182,#2183);
#2181 = CARTESIAN_POINT('',(17.195584386641,10.0832477248,0.));
#2182 = DIRECTION('',(-0.61909394931,-0.785316930881,0.));
#2183 = DIRECTION('',(-0.785316930881,0.61909394931,0.));
#2184 = ADVANCED_FACE('',(#2185),#2196,.T.);
#2185 = FACE_BOUND('',#2186,.T.);
#2186 = EDGE_LOOP('',(#2187,#2193,#2194,#2195));
#2187 = ORIENTED_EDGE('',*,*,#2188,.T.);
#2188 = EDGE_CURVE('',#583,#1304,#2189,.T.);
#2189 = LINE('',#2190,#2191);
#2190 = CARTESIAN_POINT('',(17.656854249492,9.656854249492,0.));
#2191 = VECTOR('',#2192,1.);
#2192 = DIRECTION('',(0.,0.,1.));
#2193 = ORIENTED_EDGE('',*,*,#1311,.T.);
#2194 = ORIENTED_EDGE('',*,*,#2171,.F.);
#2195 = ORIENTED_EDGE('',*,*,#590,.F.);
#2196 = PLANE('',#2197);
#2197 = AXIS2_PLACEMENT_3D('',#2198,#2199,#2200);
#2198 = CARTESIAN_POINT('',(17.656854249492,9.656854249492,0.));
#2199 = DIRECTION('',(-0.678800745533,-0.734322509436,0.));
#2200 = DIRECTION('',(-0.734322509436,0.678800745533,0.));
#2201 = ADVANCED_FACE('',(#2202),#2213,.T.);
#2202 = FACE_BOUND('',#2203,.T.);
#2203 = EDGE_LOOP('',(#2204,#2210,#2211,#2212));
#2204 = ORIENTED_EDGE('',*,*,#2205,.T.);
#2205 = EDGE_CURVE('',#575,#1296,#2206,.T.);
#2206 = LINE('',#2207,#2208);
#2207 = CARTESIAN_POINT('',(18.0832477248,9.195584386641,0.));
#2208 = VECTOR('',#2209,1.);
#2209 = DIRECTION('',(0.,0.,1.));
#2210 = ORIENTED_EDGE('',*,*,#1303,.T.);
#2211 = ORIENTED_EDGE('',*,*,#2188,.F.);
#2212 = ORIENTED_EDGE('',*,*,#582,.F.);
#2213 = PLANE('',#2214);
#2214 = AXIS2_PLACEMENT_3D('',#2215,#2216,#2217);
#2215 = CARTESIAN_POINT('',(18.0832477248,9.195584386641,0.));
#2216 = DIRECTION('',(-0.734322509436,-0.678800745533,0.));
#2217 = DIRECTION('',(-0.678800745533,0.734322509436,0.));
#2218 = ADVANCED_FACE('',(#2219),#2230,.T.);
#2219 = FACE_BOUND('',#2220,.T.);
#2220 = EDGE_LOOP('',(#2221,#2227,#2228,#2229));
#2221 = ORIENTED_EDGE('',*,*,#2222,.T.);
#2222 = EDGE_CURVE('',#567,#1288,#2223,.T.);
#2223 = LINE('',#2224,#2225);
#2224 = CARTESIAN_POINT('',(18.472135955,8.70228201834,0.));
#2225 = VECTOR('',#2226,1.);
#2226 = DIRECTION('',(0.,0.,1.));
#2227 = ORIENTED_EDGE('',*,*,#1295,.T.);
#2228 = ORIENTED_EDGE('',*,*,#2205,.F.);
#2229 = ORIENTED_EDGE('',*,*,#574,.F.);
#2230 = PLANE('',#2231);
#2231 = AXIS2_PLACEMENT_3D('',#2232,#2233,#2234);
#2232 = CARTESIAN_POINT('',(18.472135955,8.70228201834,0.));
#2233 = DIRECTION('',(-0.785316930881,-0.61909394931,0.));
#2234 = DIRECTION('',(-0.61909394931,0.785316930881,0.));
#2235 = ADVANCED_FACE('',(#2236),#2247,.T.);
#2236 = FACE_BOUND('',#2237,.T.);
#2237 = EDGE_LOOP('',(#2238,#2244,#2245,#2246));
#2238 = ORIENTED_EDGE('',*,*,#2239,.T.);
#2239 = EDGE_CURVE('',#559,#1280,#2240,.T.);
#2240 = LINE('',#2241,#2242);
#2241 = CARTESIAN_POINT('',(18.821121314833,8.179988517728,0.));
#2242 = VECTOR('',#2243,1.);
#2243 = DIRECTION('',(0.,0.,1.));
#2244 = ORIENTED_EDGE('',*,*,#1287,.T.);
#2245 = ORIENTED_EDGE('',*,*,#2222,.F.);
#2246 = ORIENTED_EDGE('',*,*,#566,.F.);
#2247 = PLANE('',#2248);
#2248 = AXIS2_PLACEMENT_3D('',#2249,#2250,#2251);
#2249 = CARTESIAN_POINT('',(18.821121314833,8.179988517728,0.));
#2250 = DIRECTION('',(-0.831469612303,-0.55557023302,0.));
#2251 = DIRECTION('',(-0.55557023302,0.831469612303,0.));
#2252 = ADVANCED_FACE('',(#2253),#2264,.T.);
#2253 = FACE_BOUND('',#2254,.T.);
#2254 = EDGE_LOOP('',(#2255,#2261,#2262,#2263));
#2255 = ORIENTED_EDGE('',*,*,#2256,.T.);
#2256 = EDGE_CURVE('',#551,#1272,#2257,.T.);
#2257 = LINE('',#2258,#2259);
#2258 = CARTESIAN_POINT('',(19.128052193507,7.631923997916,0.));
#2259 = VECTOR('',#2260,1.);
#2260 = DIRECTION('',(0.,0.,1.));
#2261 = ORIENTED_EDGE('',*,*,#1279,.T.);
#2262 = ORIENTED_EDGE('',*,*,#2239,.F.);
#2263 = ORIENTED_EDGE('',*,*,#558,.F.);
#2264 = PLANE('',#2265);
#2265 = AXIS2_PLACEMENT_3D('',#2266,#2267,#2268);
#2266 = CARTESIAN_POINT('',(19.128052193507,7.631923997916,0.));
#2267 = DIRECTION('',(-0.872496007073,-0.488621241497,0.));
#2268 = DIRECTION('',(-0.488621241497,0.872496007073,0.));
#2269 = ADVANCED_FACE('',(#2270),#2281,.T.);
#2270 = FACE_BOUND('',#2271,.T.);
#2271 = EDGE_LOOP('',(#2272,#2278,#2279,#2280));
#2272 = ORIENTED_EDGE('',*,*,#2273,.T.);
#2273 = EDGE_CURVE('',#543,#1264,#2274,.T.);
#2274 = LINE('',#2275,#2276);
#2275 = CARTESIAN_POINT('',(19.39103626009,7.061467458921,0.));
#2276 = VECTOR('',#2277,1.);
#2277 = DIRECTION('',(0.,0.,1.));
#2278 = ORIENTED_EDGE('',*,*,#1271,.T.);
#2279 = ORIENTED_EDGE('',*,*,#2256,.F.);
#2280 = ORIENTED_EDGE('',*,*,#550,.F.);
#2281 = PLANE('',#2282);
#2282 = AXIS2_PLACEMENT_3D('',#2283,#2284,#2285);
#2283 = CARTESIAN_POINT('',(19.39103626009,7.061467458921,0.));
#2284 = DIRECTION('',(-0.908143173825,-0.418659737537,0.));
#2285 = DIRECTION('',(-0.418659737537,0.908143173825,0.));
#2286 = ADVANCED_FACE('',(#2287),#2298,.T.);
#2287 = FACE_BOUND('',#2288,.T.);
#2288 = EDGE_LOOP('',(#2289,#2295,#2296,#2297));
#2289 = ORIENTED_EDGE('',*,*,#2290,.T.);
#2290 = EDGE_CURVE('',#535,#1256,#2291,.T.);
#2291 = LINE('',#2292,#2293);
#2292 = CARTESIAN_POINT('',(19.608452130361,6.472135955,0.));
#2293 = VECTOR('',#2294,1.);
#2294 = DIRECTION('',(0.,0.,1.));
#2295 = ORIENTED_EDGE('',*,*,#1263,.T.);
#2296 = ORIENTED_EDGE('',*,*,#2273,.F.);
#2297 = ORIENTED_EDGE('',*,*,#542,.F.);
#2298 = PLANE('',#2299);
#2299 = AXIS2_PLACEMENT_3D('',#2300,#2301,#2302);
#2300 = CARTESIAN_POINT('',(19.608452130361,6.472135955,0.));
#2301 = DIRECTION('',(-0.938191335922,-0.346117057077,0.));
#2302 = DIRECTION('',(-0.346117057077,0.938191335922,0.));
#2303 = ADVANCED_FACE('',(#2304),#2315,.T.);
#2304 = FACE_BOUND('',#2305,.T.);
#2305 = EDGE_LOOP('',(#2306,#2312,#2313,#2314));
#2306 = ORIENTED_EDGE('',*,*,#2307,.T.);
#2307 = EDGE_CURVE('',#527,#1248,#2308,.T.);
#2308 = LINE('',#2309,#2310);
#2309 = CARTESIAN_POINT('',(19.778959363181,5.867562910847,0.));
#2310 = VECTOR('',#2311,1.);
#2311 = DIRECTION('',(0.,0.,1.));
#2312 = ORIENTED_EDGE('',*,*,#1255,.T.);
#2313 = ORIENTED_EDGE('',*,*,#2290,.F.);
#2314 = ORIENTED_EDGE('',*,*,#534,.F.);
#2315 = PLANE('',#2316);
#2316 = AXIS2_PLACEMENT_3D('',#2317,#2318,#2319);
#2317 = CARTESIAN_POINT('',(19.778959363181,5.867562910847,0.));
#2318 = DIRECTION('',(-0.962455236454,-0.271440449865,0.));
#2319 = DIRECTION('',(-0.271440449865,0.962455236454,0.));
#2320 = ADVANCED_FACE('',(#2321),#2332,.T.);
#2321 = FACE_BOUND('',#2322,.T.);
#2322 = EDGE_LOOP('',(#2323,#2329,#2330,#2331));
#2323 = ORIENTED_EDGE('',*,*,#2324,.T.);
#2324 = EDGE_CURVE('',#519,#1240,#2325,.T.);
#2325 = LINE('',#2326,#2327);
#2326 = CARTESIAN_POINT('',(19.901506724761,5.251475720322,0.));
#2327 = VECTOR('',#2328,1.);
#2328 = DIRECTION('',(0.,0.,1.));
#2329 = ORIENTED_EDGE('',*,*,#1247,.T.);
#2330 = ORIENTED_EDGE('',*,*,#2307,.F.);
#2331 = ORIENTED_EDGE('',*,*,#526,.F.);
#2332 = PLANE('',#2333);
#2333 = AXIS2_PLACEMENT_3D('',#2334,#2335,#2336);
#2334 = CARTESIAN_POINT('',(19.901506724761,5.251475720322,0.));
#2335 = DIRECTION('',(-0.980785280403,-0.195090322016,0.));
#2336 = DIRECTION('',(-0.195090322016,0.980785280403,0.));
#2337 = ADVANCED_FACE('',(#2338),#2349,.T.);
#2338 = FACE_BOUND('',#2339,.T.);
#2339 = EDGE_LOOP('',(#2340,#2346,#2347,#2348));
#2340 = ORIENTED_EDGE('',*,*,#2341,.T.);
#2341 = EDGE_CURVE('',#511,#1232,#2342,.T.);
#2342 = LINE('',#2343,#2344);
#2343 = CARTESIAN_POINT('',(19.975338669865,4.627672765823,0.));
#2344 = VECTOR('',#2345,1.);
#2345 = DIRECTION('',(0.,0.,1.));
#2346 = ORIENTED_EDGE('',*,*,#1239,.T.);
#2347 = ORIENTED_EDGE('',*,*,#2324,.F.);
#2348 = ORIENTED_EDGE('',*,*,#518,.F.);
#2349 = PLANE('',#2350);
#2350 = AXIS2_PLACEMENT_3D('',#2351,#2352,#2353);
#2351 = CARTESIAN_POINT('',(19.975338669865,4.627672765823,0.));
#2352 = DIRECTION('',(-0.993068456955,-0.117537397458,0.));
#2353 = DIRECTION('',(-0.117537397458,0.993068456955,0.));
#2354 = ADVANCED_FACE('',(#2355),#2366,.T.);
#2355 = FACE_BOUND('',#2356,.T.);
#2356 = EDGE_LOOP('',(#2357,#2363,#2364,#2365));
#2357 = ORIENTED_EDGE('',*,*,#2358,.T.);
#2358 = EDGE_CURVE('',#503,#1224,#2359,.T.);
#2359 = LINE('',#2360,#2361);
#2360 = CARTESIAN_POINT('',(20.,4.,0.));
#2361 = VECTOR('',#2362,1.);
#2362 = DIRECTION('',(0.,0.,1.));
#2363 = ORIENTED_EDGE('',*,*,#1231,.T.);
#2364 = ORIENTED_EDGE('',*,*,#2341,.F.);
#2365 = ORIENTED_EDGE('',*,*,#510,.F.);
#2366 = PLANE('',#2367);
#2367 = AXIS2_PLACEMENT_3D('',#2368,#2369,#2370);
#2368 = CARTESIAN_POINT('',(20.,4.,0.));
#2369 = DIRECTION('',(-0.999229036241,-3.925981575907E-02,0.));
#2370 = DIRECTION('',(-3.925981575907E-02,0.999229036241,0.));
#2371 = ADVANCED_FACE('',(#2372),#2383,.T.);
#2372 = FACE_BOUND('',#2373,.T.);
#2373 = EDGE_LOOP('',(#2374,#2380,#2381,#2382));
#2374 = ORIENTED_EDGE('',*,*,#2375,.T.);
#2375 = EDGE_CURVE('',#495,#1216,#2376,.T.);
#2376 = LINE('',#2377,#2378);
#2377 = CARTESIAN_POINT('',(20.,0.,0.));
#2378 = VECTOR('',#2379,1.);
#2379 = DIRECTION('',(0.,0.,1.));
#2380 = ORIENTED_EDGE('',*,*,#1223,.T.);
#2381 = ORIENTED_EDGE('',*,*,#2358,.F.);
#2382 = ORIENTED_EDGE('',*,*,#502,.F.);
#2383 = PLANE('',#2384);
#2384 = AXIS2_PLACEMENT_3D('',#2385,#2386,#2387);
#2385 = CARTESIAN_POINT('',(20.,0.,0.));
#2386 = DIRECTION('',(-1.,0.,0.));
#2387 = DIRECTION('',(0.,1.,0.));
#2388 = ADVANCED_FACE('',(#2389),#2418,.T.);
#2389 = FACE_BOUND('',#2390,.T.);
#2390 = EDGE_LOOP('',(#2391,#2400,#2408,#2415,#2416,#2417));
#2391 = ORIENTED_EDGE('',*,*,#2392,.T.);
#2392 = EDGE_CURVE('',#487,#2393,#2395,.T.);
#2393 = VERTEX_POINT('',#2394);
#2394 = CARTESIAN_POINT('',(110.,0.,10.));
#2395 = CIRCLE('',#2396,10.);
#2396 = AXIS2_PLACEMENT_3D('',#2397,#2398,#2399);
#2397 = CARTESIAN_POINT('',(100.,0.,10.));
#2398 = DIRECTION('',(0.,-1.,-0.));
#2399 = DIRECTION('',(1.,0.,-3.552713678801E-16));
#2400 = ORIENTED_EDGE('',*,*,#2401,.T.);
#2401 = EDGE_CURVE('',#2393,#2402,#2404,.T.);
#2402 = VERTEX_POINT('',#2403);
#2403 = CARTESIAN_POINT('',(110.,0.,20.));
#2404 = LINE('',#2405,#2406);
#2405 = CARTESIAN_POINT('',(110.,0.,0.));
#2406 = VECTOR('',#2407,1.);
#2407 = DIRECTION('',(0.,0.,1.));
#2408 = ORIENTED_EDGE('',*,*,#2409,.T.);
#2409 = EDGE_CURVE('',#2402,#1208,#2410,.T.);
#2410 = CIRCLE('',#2411,10.);
#2411 = AXIS2_PLACEMENT_3D('',#2412,#2413,#2414);
#2412 = CARTESIAN_POINT('',(100.,0.,20.));
#2413 = DIRECTION('',(-0.,-1.,0.));
#2414 = DIRECTION('',(0.,-0.,1.));
#2415 = ORIENTED_EDGE('',*,*,#1215,.T.);
#2416 = ORIENTED_EDGE('',*,*,#2375,.F.);
#2417 = ORIENTED_EDGE('',*,*,#494,.F.);
#2418 = PLANE('',#2419);
#2419 = AXIS2_PLACEMENT_3D('',#2420,#2421,#2422);
#2420 = CARTESIAN_POINT('',(110.,0.,0.));
#2421 = DIRECTION('',(0.,-1.,0.));
#2422 = DIRECTION('',(-1.,0.,0.));
#2423 = ADVANCED_FACE('',(#2424),#2443,.T.);
#2424 = FACE_BOUND('',#2425,.F.);
#2425 = EDGE_LOOP('',(#2426,#2427,#2435,#2442));
#2426 = ORIENTED_EDGE('',*,*,#2392,.T.);
#2427 = ORIENTED_EDGE('',*,*,#2428,.T.);
#2428 = EDGE_CURVE('',#2393,#2429,#2431,.T.);
#2429 = VERTEX_POINT('',#2430);
#2430 = CARTESIAN_POINT('',(110.,4.,10.));
#2431 = LINE('',#2432,#2433);
#2432 = CARTESIAN_POINT('',(110.,-1.,10.));
#2433 = VECTOR('',#2434,1.);
#2434 = DIRECTION('',(0.,1.,0.));
#2435 = ORIENTED_EDGE('',*,*,#2436,.F.);
#2436 = EDGE_CURVE('',#479,#2429,#2437,.T.);
#2437 = CIRCLE('',#2438,10.);
#2438 = AXIS2_PLACEMENT_3D('',#2439,#2440,#2441);
#2439 = CARTESIAN_POINT('',(100.,4.,10.));
#2440 = DIRECTION('',(0.,-1.,-0.));
#2441 = DIRECTION('',(1.,0.,-3.552713678801E-16));
#2442 = ORIENTED_EDGE('',*,*,#486,.F.);
#2443 = CYLINDRICAL_SURFACE('',#2444,10.);
#2444 = AXIS2_PLACEMENT_3D('',#2445,#2446,#2447);
#2445 = CARTESIAN_POINT('',(100.,-1.,10.));
#2446 = DIRECTION('',(-0.,-1.,-0.));
#2447 = DIRECTION('',(1.,0.,-3.552713678801E-16));
#2448 = ADVANCED_FACE('',(#2449),#2475,.T.);
#2449 = FACE_BOUND('',#2450,.T.);
#2450 = EDGE_LOOP('',(#2451,#2452,#2458,#2459,#2468,#2474));
#2451 = ORIENTED_EDGE('',*,*,#478,.F.);
#2452 = ORIENTED_EDGE('',*,*,#2453,.T.);
#2453 = EDGE_CURVE('',#471,#1192,#2454,.T.);
#2454 = LINE('',#2455,#2456);
#2455 = CARTESIAN_POINT('',(30.,4.,0.));
#2456 = VECTOR('',#2457,1.);
#2457 = DIRECTION('',(0.,0.,1.));
#2458 = ORIENTED_EDGE('',*,*,#1199,.T.);
#2459 = ORIENTED_EDGE('',*,*,#2460,.F.);
#2460 = EDGE_CURVE('',#2461,#1200,#2463,.T.);
#2461 = VERTEX_POINT('',#2462);
#2462 = CARTESIAN_POINT('',(110.,4.,20.));
#2463 = CIRCLE('',#2464,10.);
#2464 = AXIS2_PLACEMENT_3D('',#2465,#2466,#2467);
#2465 = CARTESIAN_POINT('',(100.,4.,20.));
#2466 = DIRECTION('',(-0.,-1.,0.));
#2467 = DIRECTION('',(0.,-0.,1.));
#2468 = ORIENTED_EDGE('',*,*,#2469,.F.);
#2469 = EDGE_CURVE('',#2429,#2461,#2470,.T.);
#2470 = LINE('',#2471,#2472);
#2471 = CARTESIAN_POINT('',(110.,4.,0.));
#2472 = VECTOR('',#2473,1.);
#2473 = DIRECTION('',(0.,0.,1.));
#2474 = ORIENTED_EDGE('',*,*,#2436,.F.);
#2475 = PLANE('',#2476);
#2476 = AXIS2_PLACEMENT_3D('',#2477,#2478,#2479);
#2477 = CARTESIAN_POINT('',(30.,4.,0.));
#2478 = DIRECTION('',(0.,1.,0.));
#2479 = DIRECTION('',(1.,0.,0.));
#2480 = ADVANCED_FACE('',(#2481),#2492,.T.);
#2481 = FACE_BOUND('',#2482,.T.);
#2482 = EDGE_LOOP('',(#2483,#2489,#2490,#2491));
#2483 = ORIENTED_EDGE('',*,*,#2484,.T.);
#2484 = EDGE_CURVE('',#463,#1184,#2485,.T.);
#2485 = LINE('',#2486,#2487);
#2486 = CARTESIAN_POINT('',(20.,12.944271909999,0.));
#2487 = VECTOR('',#2488,1.);
#2488 = DIRECTION('',(0.,0.,1.));
#2489 = ORIENTED_EDGE('',*,*,#1191,.T.);
#2490 = ORIENTED_EDGE('',*,*,#2453,.F.);
#2491 = ORIENTED_EDGE('',*,*,#470,.F.);
#2492 = PLANE('',#2493);
#2493 = AXIS2_PLACEMENT_3D('',#2494,#2495,#2496);
#2494 = CARTESIAN_POINT('',(20.,12.944271909999,0.));
#2495 = DIRECTION('',(0.666666666667,0.7453559925,-0.));
#2496 = DIRECTION('',(0.7453559925,-0.666666666667,0.));
#2497 = ADVANCED_FACE('',(#2498),#2509,.T.);
#2498 = FACE_BOUND('',#2499,.T.);
#2499 = EDGE_LOOP('',(#2500,#2506,#2507,#2508));
#2500 = ORIENTED_EDGE('',*,*,#2501,.T.);
#2501 = EDGE_CURVE('',#455,#1176,#2502,.T.);
#2502 = LINE('',#2503,#2504);
#2503 = CARTESIAN_POINT('',(19.521632795033,13.350135833061,0.));
#2504 = VECTOR('',#2505,1.);
#2505 = DIRECTION('',(0.,0.,1.));
#2506 = ORIENTED_EDGE('',*,*,#1183,.T.);
#2507 = ORIENTED_EDGE('',*,*,#2484,.F.);
#2508 = ORIENTED_EDGE('',*,*,#462,.F.);
#2509 = PLANE('',#2510);
#2510 = AXIS2_PLACEMENT_3D('',#2511,#2512,#2513);
#2511 = CARTESIAN_POINT('',(19.521632795033,13.350135833061,0.));
#2512 = DIRECTION('',(0.646955758711,0.762527538041,-0.));
#2513 = DIRECTION('',(0.762527538041,-0.646955758711,0.));
#2514 = ADVANCED_FACE('',(#2515),#2526,.T.);
#2515 = FACE_BOUND('',#2516,.T.);
#2516 = EDGE_LOOP('',(#2517,#2523,#2524,#2525));
#2517 = ORIENTED_EDGE('',*,*,#2518,.T.);
#2518 = EDGE_CURVE('',#447,#1168,#2519,.T.);
#2519 = LINE('',#2520,#2521);
#2520 = CARTESIAN_POINT('',(19.022708512848,13.730445269543,0.));
#2521 = VECTOR('',#2522,1.);
#2522 = DIRECTION('',(0.,0.,1.));
#2523 = ORIENTED_EDGE('',*,*,#1175,.T.);
#2524 = ORIENTED_EDGE('',*,*,#2501,.F.);
#2525 = ORIENTED_EDGE('',*,*,#454,.F.);
#2526 = PLANE('',#2527);
#2527 = AXIS2_PLACEMENT_3D('',#2528,#2529,#2530);
#2528 = CARTESIAN_POINT('',(19.022708512848,13.730445269543,0.));
#2529 = DIRECTION('',(0.606221361505,0.795295958027,-0.));
#2530 = DIRECTION('',(0.795295958027,-0.606221361505,0.));
#2531 = ADVANCED_FACE('',(#2532),#2543,.T.);
#2532 = FACE_BOUND('',#2533,.T.);
#2533 = EDGE_LOOP('',(#2534,#2540,#2541,#2542));
#2534 = ORIENTED_EDGE('',*,*,#2535,.T.);
#2535 = EDGE_CURVE('',#439,#1160,#2536,.T.);
#2536 = LINE('',#2537,#2538);
#2537 = CARTESIAN_POINT('',(18.504590743676,14.084160810761,0.));
#2538 = VECTOR('',#2539,1.);
#2539 = DIRECTION('',(0.,0.,1.));
#2540 = ORIENTED_EDGE('',*,*,#1167,.T.);
#2541 = ORIENTED_EDGE('',*,*,#2518,.F.);
#2542 = ORIENTED_EDGE('',*,*,#446,.F.);
#2543 = PLANE('',#2544);
#2544 = AXIS2_PLACEMENT_3D('',#2545,#2546,#2547);
#2545 = CARTESIAN_POINT('',(18.504590743676,14.084160810761,0.));
#2546 = DIRECTION('',(0.563830124664,0.825890786074,-0.));
#2547 = DIRECTION('',(0.825890786074,-0.563830124664,0.));
#2548 = ADVANCED_FACE('',(#2549),#2560,.T.);
#2549 = FACE_BOUND('',#2550,.T.);
#2550 = EDGE_LOOP('',(#2551,#2557,#2558,#2559));
#2551 = ORIENTED_EDGE('',*,*,#2552,.T.);
#2552 = EDGE_CURVE('',#431,#1152,#2553,.T.);
#2553 = LINE('',#2554,#2555);
#2554 = CARTESIAN_POINT('',(17.968695534707,14.410315730753,0.));
#2555 = VECTOR('',#2556,1.);
#2556 = DIRECTION('',(0.,0.,1.));
#2557 = ORIENTED_EDGE('',*,*,#1159,.T.);
#2558 = ORIENTED_EDGE('',*,*,#2535,.F.);
#2559 = ORIENTED_EDGE('',*,*,#438,.F.);
#2560 = PLANE('',#2561);
#2561 = AXIS2_PLACEMENT_3D('',#2562,#2563,#2564);
#2562 = CARTESIAN_POINT('',(17.968695534707,14.410315730753,0.));
#2563 = DIRECTION('',(0.519897906001,0.854228404665,-0.));
#2564 = DIRECTION('',(0.854228404665,-0.519897906001,0.));
#2565 = ADVANCED_FACE('',(#2566),#2577,.T.);
#2566 = FACE_BOUND('',#2567,.T.);
#2567 = EDGE_LOOP('',(#2568,#2574,#2575,#2576));
#2568 = ORIENTED_EDGE('',*,*,#2569,.T.);
#2569 = EDGE_CURVE('',#423,#1144,#2570,.T.);
#2570 = LINE('',#2571,#2572);
#2571 = CARTESIAN_POINT('',(17.41648751995,14.708018628403,0.));
#2572 = VECTOR('',#2573,1.);
#2573 = DIRECTION('',(0.,0.,1.));
#2574 = ORIENTED_EDGE('',*,*,#1151,.T.);
#2575 = ORIENTED_EDGE('',*,*,#2552,.F.);
#2576 = ORIENTED_EDGE('',*,*,#430,.F.);
#2577 = PLANE('',#2578);
#2578 = AXIS2_PLACEMENT_3D('',#2579,#2580,#2581);
#2579 = CARTESIAN_POINT('',(17.41648751995,14.708018628403,0.));
#2580 = DIRECTION('',(0.474544774925,0.880231365376,-0.));
#2581 = DIRECTION('',(0.880231365376,-0.474544774925,0.));
#2582 = ADVANCED_FACE('',(#2583),#2594,.T.);
#2583 = FACE_BOUND('',#2584,.T.);
#2584 = EDGE_LOOP('',(#2585,#2591,#2592,#2593));
#2585 = ORIENTED_EDGE('',*,*,#2586,.T.);
#2586 = EDGE_CURVE('',#415,#1136,#2587,.T.);
#2587 = LINE('',#2588,#2589);
#2588 = CARTESIAN_POINT('',(16.849475917298,14.976455863691,0.));
#2589 = VECTOR('',#2590,1.);
#2590 = DIRECTION('',(0.,0.,1.));
#2591 = ORIENTED_EDGE('',*,*,#1143,.T.);
#2592 = ORIENTED_EDGE('',*,*,#2569,.F.);
#2593 = ORIENTED_EDGE('',*,*,#422,.F.);
#2594 = PLANE('',#2595);
#2595 = AXIS2_PLACEMENT_3D('',#2596,#2597,#2598);
#2596 = CARTESIAN_POINT('',(16.849475917298,14.976455863691,0.));
#2597 = DIRECTION('',(0.427894684286,0.903828600543,-0.));
#2598 = DIRECTION('',(0.903828600543,-0.427894684286,0.));
#2599 = ADVANCED_FACE('',(#2600),#2611,.T.);
#2600 = FACE_BOUND('',#2601,.T.);
#2601 = EDGE_LOOP('',(#2602,#2608,#2609,#2610));
#2602 = ORIENTED_EDGE('',*,*,#2603,.T.);
#2603 = EDGE_CURVE('',#407,#1128,#2604,.T.);
#2604 = LINE('',#2605,#2606);
#2605 = CARTESIAN_POINT('',(16.269210403745,15.214893781421,0.));
#2606 = VECTOR('',#2607,1.);
#2607 = DIRECTION('',(0.,0.,1.));
#2608 = ORIENTED_EDGE('',*,*,#1135,.T.);
#2609 = ORIENTED_EDGE('',*,*,#2586,.F.);
#2610 = ORIENTED_EDGE('',*,*,#414,.F.);
#2611 = PLANE('',#2612);
#2612 = AXIS2_PLACEMENT_3D('',#2613,#2614,#2615);
#2613 = CARTESIAN_POINT('',(16.269210403745,15.214893781421,0.));
#2614 = DIRECTION('',(0.380075131604,0.924955617496,-0.));
#2615 = DIRECTION('',(0.924955617496,-0.380075131604,0.));
#2616 = ADVANCED_FACE('',(#2617),#2628,.T.);
#2617 = FACE_BOUND('',#2618,.T.);
#2618 = EDGE_LOOP('',(#2619,#2625,#2626,#2627));
#2619 = ORIENTED_EDGE('',*,*,#2620,.T.);
#2620 = EDGE_CURVE('',#399,#1120,#2621,.T.);
#2621 = LINE('',#2622,#2623);
#2622 = CARTESIAN_POINT('',(15.677276880024,15.422680716349,0.));
#2623 = VECTOR('',#2624,1.);
#2624 = DIRECTION('',(0.,0.,1.));
#2625 = ORIENTED_EDGE('',*,*,#1127,.T.);
#2626 = ORIENTED_EDGE('',*,*,#2603,.F.);
#2627 = ORIENTED_EDGE('',*,*,#406,.F.);
#2628 = PLANE('',#2629);
#2629 = AXIS2_PLACEMENT_3D('',#2630,#2631,#2632);
#2630 = CARTESIAN_POINT('',(15.677276880024,15.422680716349,0.));
#2631 = DIRECTION('',(0.331216810605,0.943554674819,-0.));
#2632 = DIRECTION('',(0.943554674819,-0.331216810605,0.));
#2633 = ADVANCED_FACE('',(#2634),#2645,.T.);
#2634 = FACE_BOUND('',#2635,.T.);
#2635 = EDGE_LOOP('',(#2636,#2642,#2643,#2644));
#2636 = ORIENTED_EDGE('',*,*,#2637,.T.);
#2637 = EDGE_CURVE('',#391,#1112,#2638,.T.);
#2638 = LINE('',#2639,#2640);
#2639 = CARTESIAN_POINT('',(15.075293136247,15.599248774216,0.));
#2640 = VECTOR('',#2641,1.);
#2641 = DIRECTION('',(0.,0.,1.));
#2642 = ORIENTED_EDGE('',*,*,#1119,.T.);
#2643 = ORIENTED_EDGE('',*,*,#2620,.F.);
#2644 = ORIENTED_EDGE('',*,*,#398,.F.);
#2645 = PLANE('',#2646);
#2646 = AXIS2_PLACEMENT_3D('',#2647,#2648,#2649);
#2647 = CARTESIAN_POINT('',(15.075293136247,15.599248774216,0.));
#2648 = DIRECTION('',(0.281453254037,0.959574940165,-0.));
#2649 = DIRECTION('',(0.959574940165,-0.281453254037,0.));
#2650 = ADVANCED_FACE('',(#2651),#2679,.T.);
#2651 = FACE_BOUND('',#2652,.T.);
#2652 = EDGE_LOOP('',(#2653,#2654,#2662,#2671,#2677,#2678));
#2653 = ORIENTED_EDGE('',*,*,#390,.F.);
#2654 = ORIENTED_EDGE('',*,*,#2655,.T.);
#2655 = EDGE_CURVE('',#383,#2656,#2658,.T.);
#2656 = VERTEX_POINT('',#2657);
#2657 = CARTESIAN_POINT('',(14.464904430384,15.744115383845,
    14.582571983361));
#2658 = LINE('',#2659,#2660);
#2659 = CARTESIAN_POINT('',(14.464904430384,15.744115383845,0.));
#2660 = VECTOR('',#2661,1.);
#2661 = DIRECTION('',(0.,0.,1.));
#2662 = ORIENTED_EDGE('',*,*,#2663,.F.);
#2663 = EDGE_CURVE('',#2664,#2656,#2666,.T.);
#2664 = VERTEX_POINT('',#2665);
#2665 = CARTESIAN_POINT('',(14.464904430384,15.744115383845,
    15.417428016639));
#2666 = ELLIPSE('',#2667,2.569445352341,2.5);
#2667 = AXIS2_PLACEMENT_3D('',#2668,#2669,#2670);
#2668 = CARTESIAN_POINT('',(12.,16.329123501558,15.));
#2669 = DIRECTION('',(0.230920468707,0.972972629179,0.));
#2670 = DIRECTION('',(0.972972629179,-0.230920468707,0.));
#2671 = ORIENTED_EDGE('',*,*,#2672,.T.);
#2672 = EDGE_CURVE('',#2664,#1104,#2673,.T.);
#2673 = LINE('',#2674,#2675);
#2674 = CARTESIAN_POINT('',(14.464904430384,15.744115383845,0.));
#2675 = VECTOR('',#2676,1.);
#2676 = DIRECTION('',(0.,0.,1.));
#2677 = ORIENTED_EDGE('',*,*,#1111,.T.);
#2678 = ORIENTED_EDGE('',*,*,#2637,.F.);
#2679 = PLANE('',#2680);
#2680 = AXIS2_PLACEMENT_3D('',#2681,#2682,#2683);
#2681 = CARTESIAN_POINT('',(14.464904430384,15.744115383845,0.));
#2682 = DIRECTION('',(0.230920468707,0.972972629179,-0.));
#2683 = DIRECTION('',(0.972972629179,-0.230920468707,0.));
#2684 = ADVANCED_FACE('',(#2685),#2704,.T.);
#2685 = FACE_BOUND('',#2686,.T.);
#2686 = EDGE_LOOP('',(#2687,#2688,#2696,#2703));
#2687 = ORIENTED_EDGE('',*,*,#382,.F.);
#2688 = ORIENTED_EDGE('',*,*,#2689,.T.);
#2689 = EDGE_CURVE('',#375,#2690,#2692,.T.);
#2690 = VERTEX_POINT('',#2691);
#2691 = CARTESIAN_POINT('',(13.847778991674,15.856884616033,
    13.316042518966));
#2692 = LINE('',#2693,#2694);
#2693 = CARTESIAN_POINT('',(13.847778991674,15.856884616033,0.));
#2694 = VECTOR('',#2695,1.);
#2695 = DIRECTION('',(0.,0.,1.));
#2696 = ORIENTED_EDGE('',*,*,#2697,.F.);
#2697 = EDGE_CURVE('',#2656,#2690,#2698,.T.);
#2698 = ELLIPSE('',#2699,2.541396489312,2.5);
#2699 = AXIS2_PLACEMENT_3D('',#2700,#2701,#2702);
#2700 = CARTESIAN_POINT('',(12.,16.194534962419,15.));
#2701 = DIRECTION('',(0.179756563774,0.983711125168,0.));
#2702 = DIRECTION('',(0.983711125168,-0.179756563774,0.));
#2703 = ORIENTED_EDGE('',*,*,#2655,.F.);
#2704 = PLANE('',#2705);
#2705 = AXIS2_PLACEMENT_3D('',#2706,#2707,#2708);
#2706 = CARTESIAN_POINT('',(13.847778991674,15.856884616033,0.));
#2707 = DIRECTION('',(0.179756563774,0.983711125168,-0.));
#2708 = DIRECTION('',(0.983711125168,-0.179756563774,0.));
#2709 = ADVANCED_FACE('',(#2710),#2729,.T.);
#2710 = FACE_BOUND('',#2711,.T.);
#2711 = EDGE_LOOP('',(#2712,#2713,#2721,#2728));
#2712 = ORIENTED_EDGE('',*,*,#374,.F.);
#2713 = ORIENTED_EDGE('',*,*,#2714,.T.);
#2714 = EDGE_CURVE('',#367,#2715,#2717,.T.);
#2715 = VERTEX_POINT('',#2716);
#2716 = CARTESIAN_POINT('',(13.225603461255,15.93724826565,
    12.821033236656));
#2717 = LINE('',#2718,#2719);
#2718 = CARTESIAN_POINT('',(13.225603461255,15.93724826565,0.));
#2719 = VECTOR('',#2720,1.);
#2720 = DIRECTION('',(0.,0.,1.));
#2721 = ORIENTED_EDGE('',*,*,#2722,.F.);
#2722 = EDGE_CURVE('',#2690,#2715,#2723,.T.);
#2723 = ELLIPSE('',#2724,2.520768411364,2.5);
#2724 = AXIS2_PLACEMENT_3D('',#2725,#2726,#2727);
#2725 = CARTESIAN_POINT('',(12.,16.09555402072,15.));
#2726 = DIRECTION('',(0.128101373283,0.991761079173,0.));
#2727 = DIRECTION('',(0.991761079173,-0.128101373283,0.));
#2728 = ORIENTED_EDGE('',*,*,#2689,.F.);
#2729 = PLANE('',#2730);
#2730 = AXIS2_PLACEMENT_3D('',#2731,#2732,#2733);
#2731 = CARTESIAN_POINT('',(13.225603461255,15.93724826565,0.));
#2732 = DIRECTION('',(0.128101373283,0.991761079173,-0.));
#2733 = DIRECTION('',(0.991761079173,-0.128101373283,0.));
#2734 = ADVANCED_FACE('',(#2735),#2754,.T.);
#2735 = FACE_BOUND('',#2736,.T.);
#2736 = EDGE_LOOP('',(#2737,#2738,#2746,#2753));
#2737 = ORIENTED_EDGE('',*,*,#366,.F.);
#2738 = ORIENTED_EDGE('',*,*,#2739,.T.);
#2739 = EDGE_CURVE('',#359,#2740,#2742,.T.);
#2740 = VERTEX_POINT('',#2741);
#2741 = CARTESIAN_POINT('',(12.600078282473,15.984986693981,
    12.573087134876));
#2742 = LINE('',#2743,#2744);
#2743 = CARTESIAN_POINT('',(12.600078282473,15.984986693981,0.));
#2744 = VECTOR('',#2745,1.);
#2745 = DIRECTION('',(0.,0.,1.));
#2746 = ORIENTED_EDGE('',*,*,#2747,.F.);
#2747 = EDGE_CURVE('',#2715,#2740,#2748,.T.);
#2748 = ELLIPSE('',#2749,2.507269853555,2.5);
#2749 = AXIS2_PLACEMENT_3D('',#2750,#2751,#2752);
#2750 = CARTESIAN_POINT('',(12.,16.030783082444,15.));
#2751 = DIRECTION('',(7.609607399396E-02,0.997100490183,0.));
#2752 = DIRECTION('',(0.997100490183,-7.609607399396E-02,0.));
#2753 = ORIENTED_EDGE('',*,*,#2714,.F.);
#2754 = PLANE('',#2755);
#2755 = AXIS2_PLACEMENT_3D('',#2756,#2757,#2758);
#2756 = CARTESIAN_POINT('',(12.600078282473,15.984986693981,0.));
#2757 = DIRECTION('',(7.609607399396E-02,0.997100490183,-0.));
#2758 = DIRECTION('',(0.997100490183,-7.609607399396E-02,0.));
#2759 = ADVANCED_FACE('',(#2760),#2788,.T.);
#2760 = FACE_BOUND('',#2761,.T.);
#2761 = EDGE_LOOP('',(#2762,#2763,#2771,#2780,#2787));
#2762 = ORIENTED_EDGE('',*,*,#358,.F.);
#2763 = ORIENTED_EDGE('',*,*,#2764,.T.);
#2764 = EDGE_CURVE('',#351,#2765,#2767,.T.);
#2765 = VERTEX_POINT('',#2766);
#2766 = CARTESIAN_POINT('',(11.97291305346,15.999969429016,
    12.500146744841));
#2767 = LINE('',#2768,#2769);
#2768 = CARTESIAN_POINT('',(11.97291305346,15.999969429016,0.));
#2769 = VECTOR('',#2770,1.);
#2770 = DIRECTION('',(0.,0.,1.));
#2771 = ORIENTED_EDGE('',*,*,#2772,.F.);
#2772 = EDGE_CURVE('',#2773,#2765,#2775,.T.);
#2773 = VERTEX_POINT('',#2774);
#2774 = CARTESIAN_POINT('',(12.,15.999322332328,12.5));
#2775 = ELLIPSE('',#2776,2.500713290296,2.5);
#2776 = AXIS2_PLACEMENT_3D('',#2777,#2778,#2779);
#2777 = CARTESIAN_POINT('',(12.,15.999322332328,15.));
#2778 = DIRECTION('',(2.388279953329E-02,0.999714765264,0.));
#2779 = DIRECTION('',(0.999714765264,-2.388279953329E-02,0.));
#2780 = ORIENTED_EDGE('',*,*,#2781,.F.);
#2781 = EDGE_CURVE('',#2740,#2773,#2782,.T.);
#2782 = ELLIPSE('',#2783,2.500713290296,2.5);
#2783 = AXIS2_PLACEMENT_3D('',#2784,#2785,#2786);
#2784 = CARTESIAN_POINT('',(12.,15.999322332328,15.));
#2785 = DIRECTION('',(2.388279953329E-02,0.999714765264,0.));
#2786 = DIRECTION('',(0.999714765264,-2.388279953329E-02,0.));
#2787 = ORIENTED_EDGE('',*,*,#2739,.F.);
#2788 = PLANE('',#2789);
#2789 = AXIS2_PLACEMENT_3D('',#2790,#2791,#2792);
#2790 = CARTESIAN_POINT('',(11.97291305346,15.999969429016,0.));
#2791 = DIRECTION('',(2.388279953329E-02,0.999714765264,-0.));
#2792 = DIRECTION('',(0.999714765264,-2.388279953329E-02,0.));
#2793 = ADVANCED_FACE('',(#2794),#2813,.T.);
#2794 = FACE_BOUND('',#2795,.T.);
#2795 = EDGE_LOOP('',(#2796,#2797,#2805,#2812));
#2796 = ORIENTED_EDGE('',*,*,#350,.F.);
#2797 = ORIENTED_EDGE('',*,*,#2798,.T.);
#2798 = EDGE_CURVE('',#343,#2799,#2801,.T.);
#2799 = VERTEX_POINT('',#2800);
#2800 = CARTESIAN_POINT('',(11.345821854711,15.982155522035,
    12.58710734714));
#2801 = LINE('',#2802,#2803);
#2802 = CARTESIAN_POINT('',(11.345821854711,15.982155522035,0.));
#2803 = VECTOR('',#2804,1.);
#2804 = DIRECTION('',(0.,0.,1.));
#2805 = ORIENTED_EDGE('',*,*,#2806,.F.);
#2806 = EDGE_CURVE('',#2765,#2799,#2807,.T.);
#2807 = ELLIPSE('',#2808,2.50100850806,2.5);
#2808 = AXIS2_PLACEMENT_3D('',#2809,#2810,#2811);
#2809 = CARTESIAN_POINT('',(12.,16.000738893405,15.));
#2810 = DIRECTION('',(-2.839574806255E-02,0.999596759445,0.));
#2811 = DIRECTION('',(-0.999596759445,-2.839574806255E-02,0.));
#2812 = ORIENTED_EDGE('',*,*,#2764,.F.);
#2813 = PLANE('',#2814);
#2814 = AXIS2_PLACEMENT_3D('',#2815,#2816,#2817);
#2815 = CARTESIAN_POINT('',(11.345821854711,15.982155522035,0.));
#2816 = DIRECTION('',(-2.839574806255E-02,0.999596759445,0.));
#2817 = DIRECTION('',(0.999596759445,2.839574806255E-02,0.));
#2818 = ADVANCED_FACE('',(#2819),#2838,.T.);
#2819 = FACE_BOUND('',#2820,.T.);
#2820 = EDGE_LOOP('',(#2821,#2822,#2830,#2837));
#2821 = ORIENTED_EDGE('',*,*,#342,.F.);
#2822 = ORIENTED_EDGE('',*,*,#2823,.T.);
#2823 = EDGE_CURVE('',#335,#2824,#2826,.T.);
#2824 = VERTEX_POINT('',#2825);
#2825 = CARTESIAN_POINT('',(10.720518564387,15.931593659521,
    12.852227373319));
#2826 = LINE('',#2827,#2828);
#2827 = CARTESIAN_POINT('',(10.720518564387,15.931593659521,0.));
#2828 = VECTOR('',#2829,1.);
#2829 = DIRECTION('',(0.,0.,1.));
#2830 = ORIENTED_EDGE('',*,*,#2831,.F.);
#2831 = EDGE_CURVE('',#2799,#2824,#2832,.T.);
#2832 = ELLIPSE('',#2833,2.508159556604,2.5);
#2833 = AXIS2_PLACEMENT_3D('',#2834,#2835,#2836);
#2834 = CARTESIAN_POINT('',(12.,16.035052197861,15.));
#2835 = DIRECTION('',(-8.059668836201E-02,0.996746795242,0.));
#2836 = DIRECTION('',(-0.996746795242,-8.059668836201E-02,0.));
#2837 = ORIENTED_EDGE('',*,*,#2798,.F.);
#2838 = PLANE('',#2839);
#2839 = AXIS2_PLACEMENT_3D('',#2840,#2841,#2842);
#2840 = CARTESIAN_POINT('',(10.720518564387,15.931593659521,0.));
#2841 = DIRECTION('',(-8.059668836201E-02,0.996746795242,0.));
#2842 = DIRECTION('',(0.996746795242,8.059668836201E-02,0.));
#2843 = ADVANCED_FACE('',(#2844),#2863,.T.);
#2844 = FACE_BOUND('',#2845,.T.);
#2845 = EDGE_LOOP('',(#2846,#2847,#2855,#2862));
#2846 = ORIENTED_EDGE('',*,*,#334,.F.);
#2847 = ORIENTED_EDGE('',*,*,#2848,.T.);
#2848 = EDGE_CURVE('',#327,#2849,#2851,.T.);
#2849 = VERTEX_POINT('',#2850);
#2850 = CARTESIAN_POINT('',(10.098712174189,15.848422030103,
    13.376699472241));
#2851 = LINE('',#2852,#2853);
#2852 = CARTESIAN_POINT('',(10.098712174189,15.848422030103,0.));
#2853 = VECTOR('',#2854,1.);
#2854 = DIRECTION('',(0.,0.,1.));
#2855 = ORIENTED_EDGE('',*,*,#2856,.F.);
#2856 = EDGE_CURVE('',#2824,#2849,#2857,.T.);
#2857 = ELLIPSE('',#2858,2.522264885221,2.5);
#2858 = AXIS2_PLACEMENT_3D('',#2859,#2860,#2861);
#2859 = CARTESIAN_POINT('',(12.,16.102734640842,15.));
#2860 = DIRECTION('',(-0.132577353039,0.991172661781,0.));
#2861 = DIRECTION('',(-0.991172661781,-0.132577353039,0.));
#2862 = ORIENTED_EDGE('',*,*,#2823,.F.);
#2863 = PLANE('',#2864);
#2864 = AXIS2_PLACEMENT_3D('',#2865,#2866,#2867);
#2865 = CARTESIAN_POINT('',(10.098712174189,15.848422030103,0.));
#2866 = DIRECTION('',(-0.132577353039,0.991172661781,0.));
#2867 = DIRECTION('',(0.991172661781,0.132577353039,0.));
#2868 = ADVANCED_FACE('',(#2869),#2895,.T.);
#2869 = FACE_BOUND('',#2870,.T.);
#2870 = EDGE_LOOP('',(#2871,#2872,#2878,#2879,#2887,#2894));
#2871 = ORIENTED_EDGE('',*,*,#326,.F.);
#2872 = ORIENTED_EDGE('',*,*,#2873,.T.);
#2873 = EDGE_CURVE('',#319,#1040,#2874,.T.);
#2874 = LINE('',#2875,#2876);
#2875 = CARTESIAN_POINT('',(9.482102118579,15.732867946872,0.));
#2876 = VECTOR('',#2877,1.);
#2877 = DIRECTION('',(0.,0.,1.));
#2878 = ORIENTED_EDGE('',*,*,#1047,.T.);
#2879 = ORIENTED_EDGE('',*,*,#2880,.F.);
#2880 = EDGE_CURVE('',#2881,#1048,#2883,.T.);
#2881 = VERTEX_POINT('',#2882);
#2882 = CARTESIAN_POINT('',(10.098712174189,15.848422030103,
    16.623300527759));
#2883 = LINE('',#2884,#2885);
#2884 = CARTESIAN_POINT('',(10.098712174189,15.848422030103,0.));
#2885 = VECTOR('',#2886,1.);
#2886 = DIRECTION('',(0.,0.,1.));
#2887 = ORIENTED_EDGE('',*,*,#2888,.F.);
#2888 = EDGE_CURVE('',#2849,#2881,#2889,.T.);
#2889 = ELLIPSE('',#2890,2.543520672639,2.5);
#2890 = AXIS2_PLACEMENT_3D('',#2891,#2892,#2893);
#2891 = CARTESIAN_POINT('',(12.,16.204727558484,15.));
#2892 = DIRECTION('',(-0.184195675794,0.982889593504,0.));
#2893 = DIRECTION('',(-0.982889593504,-0.184195675794,0.));
#2894 = ORIENTED_EDGE('',*,*,#2848,.F.);
#2895 = PLANE('',#2896);
#2896 = AXIS2_PLACEMENT_3D('',#2897,#2898,#2899);
#2897 = CARTESIAN_POINT('',(9.482102118579,15.732867946872,0.));
#2898 = DIRECTION('',(-0.184195675794,0.982889593504,0.));
#2899 = DIRECTION('',(0.982889593504,0.184195675794,0.));
#2900 = ADVANCED_FACE('',(#2901),#2912,.T.);
#2901 = FACE_BOUND('',#2902,.T.);
#2902 = EDGE_LOOP('',(#2903,#2909,#2910,#2911));
#2903 = ORIENTED_EDGE('',*,*,#2904,.T.);
#2904 = EDGE_CURVE('',#311,#1032,#2905,.T.);
#2905 = LINE('',#2906,#2907);
#2906 = CARTESIAN_POINT('',(8.872373630121,15.585247226125,0.));
#2907 = VECTOR('',#2908,1.);
#2908 = DIRECTION('',(0.,0.,1.));
#2909 = ORIENTED_EDGE('',*,*,#1039,.T.);
#2910 = ORIENTED_EDGE('',*,*,#2873,.F.);
#2911 = ORIENTED_EDGE('',*,*,#318,.F.);
#2912 = PLANE('',#2913);
#2913 = AXIS2_PLACEMENT_3D('',#2914,#2915,#2916);
#2914 = CARTESIAN_POINT('',(8.872373630121,15.585247226125,0.));
#2915 = DIRECTION('',(-0.23531058063,0.971920228539,0.));
#2916 = DIRECTION('',(0.971920228539,0.23531058063,0.));
#2917 = ADVANCED_FACE('',(#2918),#2929,.T.);
#2918 = FACE_BOUND('',#2919,.T.);
#2919 = EDGE_LOOP('',(#2920,#2926,#2927,#2928));
#2920 = ORIENTED_EDGE('',*,*,#2921,.T.);
#2921 = EDGE_CURVE('',#303,#1024,#2922,.T.);
#2922 = LINE('',#2923,#2924);
#2923 = CARTESIAN_POINT('',(8.271193133641,15.405963324217,0.));
#2924 = VECTOR('',#2925,1.);
#2925 = DIRECTION('',(0.,0.,1.));
#2926 = ORIENTED_EDGE('',*,*,#1031,.T.);
#2927 = ORIENTED_EDGE('',*,*,#2904,.F.);
#2928 = ORIENTED_EDGE('',*,*,#310,.F.);
#2929 = PLANE('',#2930);
#2930 = AXIS2_PLACEMENT_3D('',#2931,#2932,#2933);
#2931 = CARTESIAN_POINT('',(8.271193133641,15.405963324217,0.));
#2932 = DIRECTION('',(-0.285782367421,0.958294546823,0.));
#2933 = DIRECTION('',(0.958294546823,0.285782367421,0.));
#2934 = ADVANCED_FACE('',(#2935),#2946,.T.);
#2935 = FACE_BOUND('',#2936,.T.);
#2936 = EDGE_LOOP('',(#2937,#2943,#2944,#2945));
#2937 = ORIENTED_EDGE('',*,*,#2938,.T.);
#2938 = EDGE_CURVE('',#295,#1016,#2939,.T.);
#2939 = LINE('',#2940,#2941);
#2940 = CARTESIAN_POINT('',(7.680203691786,15.195506234894,0.));
#2941 = VECTOR('',#2942,1.);
#2942 = DIRECTION('',(0.,0.,1.));
#2943 = ORIENTED_EDGE('',*,*,#1023,.T.);
#2944 = ORIENTED_EDGE('',*,*,#2921,.F.);
#2945 = ORIENTED_EDGE('',*,*,#302,.F.);
#2946 = PLANE('',#2947);
#2947 = AXIS2_PLACEMENT_3D('',#2948,#2949,#2950);
#2948 = CARTESIAN_POINT('',(7.680203691786,15.195506234894,0.));
#2949 = DIRECTION('',(-0.335473093722,0.942049788169,0.));
#2950 = DIRECTION('',(0.942049788169,0.335473093722,0.));
#2951 = ADVANCED_FACE('',(#2952),#2963,.T.);
#2952 = FACE_BOUND('',#2953,.T.);
#2953 = EDGE_LOOP('',(#2954,#2960,#2961,#2962));
#2954 = ORIENTED_EDGE('',*,*,#2955,.T.);
#2955 = EDGE_CURVE('',#287,#1008,#2956,.T.);
#2956 = LINE('',#2957,#2958);
#2957 = CARTESIAN_POINT('',(7.101020514434,14.954451150103,0.));
#2958 = VECTOR('',#2959,1.);
#2959 = DIRECTION('',(0.,0.,1.));
#2960 = ORIENTED_EDGE('',*,*,#1015,.T.);
#2961 = ORIENTED_EDGE('',*,*,#2938,.F.);
#2962 = ORIENTED_EDGE('',*,*,#294,.F.);
#2963 = PLANE('',#2964);
#2964 = AXIS2_PLACEMENT_3D('',#2965,#2966,#2967);
#2965 = CARTESIAN_POINT('',(7.101020514434,14.954451150103,0.));
#2966 = DIRECTION('',(-0.384246951774,0.923230350483,0.));
#2967 = DIRECTION('',(0.923230350483,0.384246951774,0.));
#2968 = ADVANCED_FACE('',(#2969),#2980,.T.);
#2969 = FACE_BOUND('',#2970,.T.);
#2970 = EDGE_LOOP('',(#2971,#2977,#2978,#2979));
#2971 = ORIENTED_EDGE('',*,*,#2972,.T.);
#2972 = EDGE_CURVE('',#279,#1000,#2973,.T.);
#2973 = LINE('',#2974,#2975);
#2974 = CARTESIAN_POINT('',(6.535226544228,14.683456887969,0.));
#2975 = VECTOR('',#2976,1.);
#2976 = DIRECTION('',(0.,0.,1.));
#2977 = ORIENTED_EDGE('',*,*,#1007,.T.);
#2978 = ORIENTED_EDGE('',*,*,#2955,.F.);
#2979 = ORIENTED_EDGE('',*,*,#286,.F.);
#2980 = PLANE('',#2981);
#2981 = AXIS2_PLACEMENT_3D('',#2982,#2983,#2984);
#2982 = CARTESIAN_POINT('',(6.535226544228,14.683456887969,0.));
#2983 = DIRECTION('',(-0.431970639674,0.901887668426,0.));
#2984 = DIRECTION('',(0.901887668426,0.431970639674,0.));
#2985 = ADVANCED_FACE('',(#2986),#2997,.T.);
#2986 = FACE_BOUND('',#2987,.T.);
#2987 = EDGE_LOOP('',(#2988,#2994,#2995,#2996));
#2988 = ORIENTED_EDGE('',*,*,#2989,.T.);
#2989 = EDGE_CURVE('',#271,#992,#2990,.T.);
#2990 = LINE('',#2991,#2992);
#2991 = CARTESIAN_POINT('',(5.984368130299,14.383264092194,0.));
#2992 = VECTOR('',#2993,1.);
#2993 = DIRECTION('',(0.,0.,1.));
#2994 = ORIENTED_EDGE('',*,*,#999,.T.);
#2995 = ORIENTED_EDGE('',*,*,#2972,.F.);
#2996 = ORIENTED_EDGE('',*,*,#278,.F.);
#2997 = PLANE('',#2998);
#2998 = AXIS2_PLACEMENT_3D('',#2999,#3000,#3001);
#2999 = CARTESIAN_POINT('',(5.984368130299,14.383264092194,0.));
#3000 = DIRECTION('',(-0.478513725697,0.878080072841,0.));
#3001 = DIRECTION('',(0.878080072841,0.478513725697,0.));
#3002 = ADVANCED_FACE('',(#3003),#3014,.T.);
#3003 = FACE_BOUND('',#3004,.T.);
#3004 = EDGE_LOOP('',(#3005,#3011,#3012,#3013));
#3005 = ORIENTED_EDGE('',*,*,#3006,.T.);
#3006 = EDGE_CURVE('',#263,#984,#3007,.T.);
#3007 = LINE('',#3008,#3009);
#3008 = CARTESIAN_POINT('',(5.449950802001,14.05469320784,0.));
#3009 = VECTOR('',#3010,1.);
#3010 = DIRECTION('',(0.,0.,1.));
#3011 = ORIENTED_EDGE('',*,*,#991,.T.);
#3012 = ORIENTED_EDGE('',*,*,#2989,.F.);
#3013 = ORIENTED_EDGE('',*,*,#270,.F.);
#3014 = PLANE('',#3015);
#3015 = AXIS2_PLACEMENT_3D('',#3016,#3017,#3018);
#3016 = CARTESIAN_POINT('',(5.449950802001,14.05469320784,0.));
#3017 = DIRECTION('',(-0.523749004774,0.851872631323,0.));
#3018 = DIRECTION('',(0.851872631323,0.523749004774,0.));
#3019 = ADVANCED_FACE('',(#3020),#3031,.T.);
#3020 = FACE_BOUND('',#3021,.T.);
#3021 = EDGE_LOOP('',(#3022,#3028,#3029,#3030));
#3022 = ORIENTED_EDGE('',*,*,#3023,.T.);
#3023 = EDGE_CURVE('',#255,#976,#3024,.T.);
#3024 = LINE('',#3025,#3026);
#3025 = CARTESIAN_POINT('',(4.933435154203,13.698642239001,0.));
#3026 = VECTOR('',#3027,1.);
#3027 = DIRECTION('',(0.,0.,1.));
#3028 = ORIENTED_EDGE('',*,*,#983,.T.);
#3029 = ORIENTED_EDGE('',*,*,#3006,.F.);
#3030 = ORIENTED_EDGE('',*,*,#262,.F.);
#3031 = PLANE('',#3032);
#3032 = AXIS2_PLACEMENT_3D('',#3033,#3034,#3035);
#3033 = CARTESIAN_POINT('',(4.933435154203,13.698642239001,0.));
#3034 = DIRECTION('',(-0.567552846154,0.823336970397,0.));
#3035 = DIRECTION('',(0.823336970397,0.567552846154,0.));
#3036 = ADVANCED_FACE('',(#3037),#3048,.T.);
#3037 = FACE_BOUND('',#3038,.T.);
#3038 = EDGE_LOOP('',(#3039,#3045,#3046,#3047));
#3039 = ORIENTED_EDGE('',*,*,#3040,.T.);
#3040 = EDGE_CURVE('',#247,#968,#3041,.T.);
#3041 = LINE('',#3042,#3043);
#3042 = CARTESIAN_POINT('',(4.436232855402,13.316084294504,0.));
#3043 = VECTOR('',#3044,1.);
#3044 = DIRECTION('',(0.,0.,1.));
#3045 = ORIENTED_EDGE('',*,*,#975,.T.);
#3046 = ORIENTED_EDGE('',*,*,#3023,.F.);
#3047 = ORIENTED_EDGE('',*,*,#254,.F.);
#3048 = PLANE('',#3049);
#3049 = AXIS2_PLACEMENT_3D('',#3050,#3051,#3052);
#3050 = CARTESIAN_POINT('',(4.436232855402,13.316084294504,0.));
#3051 = DIRECTION('',(-0.609805531288,0.792551079748,0.));
#3052 = DIRECTION('',(0.792551079748,0.609805531288,0.));
#3053 = ADVANCED_FACE('',(#3054),#3065,.T.);
#3054 = FACE_BOUND('',#3055,.T.);
#3055 = EDGE_LOOP('',(#3056,#3062,#3063,#3064));
#3056 = ORIENTED_EDGE('',*,*,#3057,.T.);
#3057 = EDGE_CURVE('',#239,#960,#3058,.T.);
#3058 = LINE('',#3059,#3060);
#3059 = CARTESIAN_POINT('',(3.959702789544,12.908064928341,0.));
#3060 = VECTOR('',#3061,1.);
#3061 = DIRECTION('',(0.,0.,1.));
#3062 = ORIENTED_EDGE('',*,*,#967,.T.);
#3063 = ORIENTED_EDGE('',*,*,#3040,.F.);
#3064 = ORIENTED_EDGE('',*,*,#246,.F.);
#3065 = PLANE('',#3066);
#3066 = AXIS2_PLACEMENT_3D('',#3067,#3068,#3069);
#3067 = CARTESIAN_POINT('',(3.959702789544,12.908064928341,0.));
#3068 = DIRECTION('',(-0.650391581034,0.759599099078,0.));
#3069 = DIRECTION('',(0.759599099078,0.650391581034,0.));
#3070 = ADVANCED_FACE('',(#3071),#3082,.T.);
#3071 = FACE_BOUND('',#3072,.T.);
#3072 = EDGE_LOOP('',(#3073,#3079,#3080,#3081));
#3073 = ORIENTED_EDGE('',*,*,#3074,.T.);
#3074 = EDGE_CURVE('',#231,#952,#3075,.T.);
#3075 = LINE('',#3076,#3077);
#3076 = CARTESIAN_POINT('',(3.505147342111,12.47569928211,0.));
#3077 = VECTOR('',#3078,1.);
#3078 = DIRECTION('',(0.,0.,1.));
#3079 = ORIENTED_EDGE('',*,*,#959,.T.);
#3080 = ORIENTED_EDGE('',*,*,#3057,.F.);
#3081 = ORIENTED_EDGE('',*,*,#238,.F.);
#3082 = PLANE('',#3083);
#3083 = AXIS2_PLACEMENT_3D('',#3084,#3085,#3086);
#3084 = CARTESIAN_POINT('',(3.505147342111,12.47569928211,0.));
#3085 = DIRECTION('',(-0.689200071264,0.724571088141,0.));
#3086 = DIRECTION('',(0.724571088141,0.689200071264,0.));
#3087 = ADVANCED_FACE('',(#3088),#3099,.T.);
#3088 = FACE_BOUND('',#3089,.T.);
#3089 = EDGE_LOOP('',(#3090,#3096,#3097,#3098));
#3090 = ORIENTED_EDGE('',*,*,#3091,.T.);
#3091 = EDGE_CURVE('',#223,#944,#3092,.T.);
#3092 = LINE('',#3093,#3094);
#3093 = CARTESIAN_POINT('',(3.073808840626,12.020169037266,0.));
#3094 = VECTOR('',#3095,1.);
#3095 = DIRECTION('',(0.,0.,1.));
#3096 = ORIENTED_EDGE('',*,*,#951,.T.);
#3097 = ORIENTED_EDGE('',*,*,#3074,.F.);
#3098 = ORIENTED_EDGE('',*,*,#230,.F.);
#3099 = PLANE('',#3100);
#3100 = AXIS2_PLACEMENT_3D('',#3101,#3102,#3103);
#3101 = CARTESIAN_POINT('',(3.073808840626,12.020169037266,0.));
#3102 = DIRECTION('',(-0.726124936027,0.68756278061,0.));
#3103 = DIRECTION('',(0.68756278061,0.726124936027,0.));
#3104 = ADVANCED_FACE('',(#3105),#3116,.T.);
#3105 = FACE_BOUND('',#3106,.T.);
#3106 = EDGE_LOOP('',(#3107,#3113,#3114,#3115));
#3107 = ORIENTED_EDGE('',*,*,#3108,.T.);
#3108 = EDGE_CURVE('',#215,#936,#3109,.T.);
#3109 = LINE('',#3110,#3111);
#3110 = CARTESIAN_POINT('',(2.666866159294,11.542719185511,0.));
#3111 = VECTOR('',#3112,1.);
#3112 = DIRECTION('',(0.,0.,1.));
#3113 = ORIENTED_EDGE('',*,*,#943,.T.);
#3114 = ORIENTED_EDGE('',*,*,#3091,.F.);
#3115 = ORIENTED_EDGE('',*,*,#222,.F.);
#3116 = PLANE('',#3117);
#3117 = AXIS2_PLACEMENT_3D('',#3118,#3119,#3120);
#3118 = CARTESIAN_POINT('',(2.666866159294,11.542719185511,0.));
#3119 = DIRECTION('',(-0.761065257436,0.648675322426,0.));
#3120 = DIRECTION('',(0.648675322426,0.761065257436,0.));
#3121 = ADVANCED_FACE('',(#3122),#3133,.T.);
#3122 = FACE_BOUND('',#3123,.T.);
#3123 = EDGE_LOOP('',(#3124,#3130,#3131,#3132));
#3124 = ORIENTED_EDGE('',*,*,#3125,.T.);
#3125 = EDGE_CURVE('',#207,#928,#3126,.T.);
#3126 = LINE('',#3127,#3128);
#3127 = CARTESIAN_POINT('',(2.285431497068,11.044654626158,0.));
#3128 = VECTOR('',#3129,1.);
#3129 = DIRECTION('',(0.,0.,1.));
#3130 = ORIENTED_EDGE('',*,*,#935,.T.);
#3131 = ORIENTED_EDGE('',*,*,#3108,.F.);
#3132 = ORIENTED_EDGE('',*,*,#214,.F.);
#3133 = PLANE('',#3134);
#3134 = AXIS2_PLACEMENT_3D('',#3135,#3136,#3137);
#3135 = CARTESIAN_POINT('',(2.285431497068,11.044654626158,0.));
#3136 = DIRECTION('',(-0.793925541478,0.608014995365,0.));
#3137 = DIRECTION('',(0.608014995365,0.793925541478,0.));
#3138 = ADVANCED_FACE('',(#3139),#3150,.T.);
#3139 = FACE_BOUND('',#3140,.T.);
#3140 = EDGE_LOOP('',(#3141,#3147,#3148,#3149));
#3141 = ORIENTED_EDGE('',*,*,#3142,.T.);
#3142 = EDGE_CURVE('',#199,#920,#3143,.T.);
#3143 = LINE('',#3144,#3145);
#3144 = CARTESIAN_POINT('',(1.930547337943,10.527336599763,0.));
#3145 = VECTOR('',#3146,1.);
#3146 = DIRECTION('',(0.,0.,1.));
#3147 = ORIENTED_EDGE('',*,*,#927,.T.);
#3148 = ORIENTED_EDGE('',*,*,#3125,.F.);
#3149 = ORIENTED_EDGE('',*,*,#206,.F.);
#3150 = PLANE('',#3151);
#3151 = AXIS2_PLACEMENT_3D('',#3152,#3153,#3154);
#3152 = CARTESIAN_POINT('',(1.930547337943,10.527336599763,0.));
#3153 = DIRECTION('',(-0.824615979012,0.565692926558,0.));
#3154 = DIRECTION('',(0.565692926558,0.824615979012,0.));
#3155 = ADVANCED_FACE('',(#3156),#3167,.T.);
#3156 = FACE_BOUND('',#3157,.T.);
#3157 = EDGE_LOOP('',(#3158,#3164,#3165,#3166));
#3158 = ORIENTED_EDGE('',*,*,#3159,.T.);
#3159 = EDGE_CURVE('',#191,#912,#3160,.T.);
#3160 = LINE('',#3161,#3162);
#3161 = CARTESIAN_POINT('',(1.603183601784,9.992178967771,0.));
#3162 = VECTOR('',#3163,1.);
#3163 = DIRECTION('',(0.,0.,1.));
#3164 = ORIENTED_EDGE('',*,*,#919,.T.);
#3165 = ORIENTED_EDGE('',*,*,#3142,.F.);
#3166 = ORIENTED_EDGE('',*,*,#198,.F.);
#3167 = PLANE('',#3168);
#3168 = AXIS2_PLACEMENT_3D('',#3169,#3170,#3171);
#3169 = CARTESIAN_POINT('',(1.603183601784,9.992178967771,0.));
#3170 = DIRECTION('',(-0.853052691216,0.521824784779,0.));
#3171 = DIRECTION('',(0.521824784779,0.853052691216,0.));
#3172 = ADVANCED_FACE('',(#3173),#3184,.T.);
#3173 = FACE_BOUND('',#3174,.T.);
#3174 = EDGE_LOOP('',(#3175,#3181,#3182,#3183));
#3175 = ORIENTED_EDGE('',*,*,#3176,.T.);
#3176 = EDGE_CURVE('',#183,#904,#3177,.T.);
#3177 = LINE('',#3178,#3179);
#3178 = CARTESIAN_POINT('',(1.304234993476,9.440644348349,0.));
#3179 = VECTOR('',#3180,1.);
#3180 = DIRECTION('',(0.,0.,1.));
#3181 = ORIENTED_EDGE('',*,*,#911,.T.);
#3182 = ORIENTED_EDGE('',*,*,#3159,.F.);
#3183 = ORIENTED_EDGE('',*,*,#190,.F.);
#3184 = PLANE('',#3185);
#3185 = AXIS2_PLACEMENT_3D('',#3186,#3187,#3188);
#3186 = CARTESIAN_POINT('',(1.304234993476,9.440644348349,0.));
#3187 = DIRECTION('',(-0.879157958835,0.476530464311,0.));
#3188 = DIRECTION('',(0.476530464311,0.879157958835,0.));
#3189 = ADVANCED_FACE('',(#3190),#3201,.T.);
#3190 = FACE_BOUND('',#3191,.T.);
#3191 = EDGE_LOOP('',(#3192,#3198,#3199,#3200));
#3192 = ORIENTED_EDGE('',*,*,#3193,.T.);
#3193 = EDGE_CURVE('',#175,#896,#3194,.T.);
#3194 = LINE('',#3195,#3196);
#3195 = CARTESIAN_POINT('',(1.03451855764,8.874240118958,0.));
#3196 = VECTOR('',#3197,1.);
#3197 = DIRECTION('',(0.,0.,1.));
#3198 = ORIENTED_EDGE('',*,*,#903,.T.);
#3199 = ORIENTED_EDGE('',*,*,#3176,.F.);
#3200 = ORIENTED_EDGE('',*,*,#182,.F.);
#3201 = PLANE('',#3202);
#3202 = AXIS2_PLACEMENT_3D('',#3203,#3204,#3205);
#3203 = CARTESIAN_POINT('',(1.03451855764,8.874240118958,0.));
#3204 = DIRECTION('',(-0.902860434596,0.429933757272,0.));
#3205 = DIRECTION('',(0.429933757272,0.902860434596,0.));
#3206 = ADVANCED_FACE('',(#3207),#3218,.T.);
#3207 = FACE_BOUND('',#3208,.T.);
#3208 = EDGE_LOOP('',(#3209,#3215,#3216,#3217));
#3209 = ORIENTED_EDGE('',*,*,#3210,.T.);
#3210 = EDGE_CURVE('',#167,#888,#3211,.T.);
#3211 = LINE('',#3212,#3213);
#3212 = CARTESIAN_POINT('',(0.794771445604,8.294514296607,0.));
#3213 = VECTOR('',#3214,1.);
#3214 = DIRECTION('',(0.,0.,1.));
#3215 = ORIENTED_EDGE('',*,*,#895,.T.);
#3216 = ORIENTED_EDGE('',*,*,#3193,.F.);
#3217 = ORIENTED_EDGE('',*,*,#174,.F.);
#3218 = PLANE('',#3219);
#3219 = AXIS2_PLACEMENT_3D('',#3220,#3221,#3222);
#3220 = CARTESIAN_POINT('',(0.794771445604,8.294514296607,0.));
#3221 = DIRECTION('',(-0.924095338198,0.382162015278,0.));
#3222 = DIRECTION('',(0.382162015278,0.924095338198,0.));
#3223 = ADVANCED_FACE('',(#3224),#3235,.T.);
#3224 = FACE_BOUND('',#3225,.T.);
#3225 = EDGE_LOOP('',(#3226,#3232,#3233,#3234));
#3226 = ORIENTED_EDGE('',*,*,#3227,.T.);
#3227 = EDGE_CURVE('',#159,#880,#3228,.T.);
#3228 = LINE('',#3229,#3230);
#3229 = CARTESIAN_POINT('',(0.585648900722,7.703051307018,0.));
#3230 = VECTOR('',#3231,1.);
#3231 = DIRECTION('',(0.,0.,1.));
#3232 = ORIENTED_EDGE('',*,*,#887,.T.);
#3233 = ORIENTED_EDGE('',*,*,#3210,.F.);
#3234 = ORIENTED_EDGE('',*,*,#166,.F.);
#3235 = PLANE('',#3236);
#3236 = AXIS2_PLACEMENT_3D('',#3237,#3238,#3239);
#3237 = CARTESIAN_POINT('',(0.585648900722,7.703051307018,0.));
#3238 = DIRECTION('',(-0.942804633366,0.333345801389,0.));
#3239 = DIRECTION('',(0.333345801389,0.942804633366,0.));
#3240 = ADVANCED_FACE('',(#3241),#3252,.T.);
#3241 = FACE_BOUND('',#3242,.T.);
#3242 = EDGE_LOOP('',(#3243,#3249,#3250,#3251));
#3243 = ORIENTED_EDGE('',*,*,#3244,.T.);
#3244 = EDGE_CURVE('',#151,#872,#3245,.T.);
#3245 = LINE('',#3246,#3247);
#3246 = CARTESIAN_POINT('',(0.407722467552,7.101467654306,0.));
#3247 = VECTOR('',#3248,1.);
#3248 = DIRECTION('',(0.,0.,1.));
#3249 = ORIENTED_EDGE('',*,*,#879,.T.);
#3250 = ORIENTED_EDGE('',*,*,#3227,.F.);
#3251 = ORIENTED_EDGE('',*,*,#158,.F.);
#3252 = PLANE('',#3253);
#3253 = AXIS2_PLACEMENT_3D('',#3254,#3255,#3256);
#3254 = CARTESIAN_POINT('',(0.407722467552,7.101467654306,0.));
#3255 = DIRECTION('',(-0.958937186465,0.28361853327,0.));
#3256 = DIRECTION('',(0.28361853327,0.958937186465,0.));
#3257 = ADVANCED_FACE('',(#3258),#3269,.T.);
#3258 = FACE_BOUND('',#3259,.T.);
#3259 = EDGE_LOOP('',(#3260,#3266,#3267,#3268));
#3260 = ORIENTED_EDGE('',*,*,#3261,.T.);
#3261 = EDGE_CURVE('',#143,#864,#3262,.T.);
#3262 = LINE('',#3263,#3264);
#3263 = CARTESIAN_POINT('',(0.261478429795,6.491407502967,0.));
#3264 = VECTOR('',#3265,1.);
#3265 = DIRECTION('',(0.,0.,1.));
#3266 = ORIENTED_EDGE('',*,*,#871,.T.);
#3267 = ORIENTED_EDGE('',*,*,#3244,.F.);
#3268 = ORIENTED_EDGE('',*,*,#150,.F.);
#3269 = PLANE('',#3270);
#3270 = AXIS2_PLACEMENT_3D('',#3271,#3272,#3273);
#3271 = CARTESIAN_POINT('',(0.261478429795,6.491407502967,0.));
#3272 = DIRECTION('',(-0.972448906253,0.233116118551,0.));
#3273 = DIRECTION('',(0.233116118551,0.972448906253,0.));
#3274 = ADVANCED_FACE('',(#3275),#3286,.T.);
#3275 = FACE_BOUND('',#3276,.T.);
#3276 = EDGE_LOOP('',(#3277,#3283,#3284,#3285));
#3277 = ORIENTED_EDGE('',*,*,#3278,.T.);
#3278 = EDGE_CURVE('',#135,#856,#3279,.T.);
#3279 = LINE('',#3280,#3281);
#3280 = CARTESIAN_POINT('',(0.147316481249,5.874538184282,0.));
#3281 = VECTOR('',#3282,1.);
#3282 = DIRECTION('',(0.,0.,1.));
#3283 = ORIENTED_EDGE('',*,*,#863,.T.);
#3284 = ORIENTED_EDGE('',*,*,#3261,.F.);
#3285 = ORIENTED_EDGE('',*,*,#142,.F.);
#3286 = PLANE('',#3287);
#3287 = AXIS2_PLACEMENT_3D('',#3288,#3289,#3290);
#3288 = CARTESIAN_POINT('',(0.147316481249,5.874538184282,0.));
#3289 = DIRECTION('',(-0.983302864381,0.181976583384,0.));
#3290 = DIRECTION('',(0.181976583384,0.983302864381,0.));
#3291 = ADVANCED_FACE('',(#3292),#3298,.T.);
#3292 = FACE_BOUND('',#3293,.T.);
#3293 = EDGE_LOOP('',(#3294,#3295,#3296,#3297));
#3294 = ORIENTED_EDGE('',*,*,#1584,.T.);
#3295 = ORIENTED_EDGE('',*,*,#855,.T.);
#3296 = ORIENTED_EDGE('',*,*,#3278,.F.);
#3297 = ORIENTED_EDGE('',*,*,#134,.F.);
#3298 = PLANE('',#3299);
#3299 = AXIS2_PLACEMENT_3D('',#3300,#3301,#3302);
#3300 = CARTESIAN_POINT('',(6.554863342149E-02,5.252545639397,0.));
#3301 = DIRECTION('',(-0.991469396326,0.130339695212,0.));
#3302 = DIRECTION('',(0.130339695212,0.991469396326,0.));
#3303 = ADVANCED_FACE('',(#3304),#3323,.T.);
#3304 = FACE_BOUND('',#3305,.T.);
#3305 = EDGE_LOOP('',(#3306,#3315,#3321,#3322));
#3306 = ORIENTED_EDGE('',*,*,#3307,.F.);
#3307 = EDGE_CURVE('',#3308,#1864,#3310,.T.);
#3308 = VERTEX_POINT('',#3309);
#3309 = CARTESIAN_POINT('',(10.132437089153,11.778959363181,
    16.661989402502));
#3310 = ELLIPSE('',#3311,2.597523401932,2.5);
#3311 = AXIS2_PLACEMENT_3D('',#3312,#3313,#3314);
#3312 = CARTESIAN_POINT('',(12.,12.30566657768,15.));
#3313 = DIRECTION('',(0.271440449865,-0.962455236454,0.));
#3314 = DIRECTION('',(-0.962455236454,-0.271440449865,0.));
#3315 = ORIENTED_EDGE('',*,*,#3316,.T.);
#3316 = EDGE_CURVE('',#3308,#1408,#3317,.T.);
#3317 = LINE('',#3318,#3319);
#3318 = CARTESIAN_POINT('',(10.132437089153,11.778959363181,0.));
#3319 = VECTOR('',#3320,1.);
#3320 = DIRECTION('',(0.,0.,1.));
#3321 = ORIENTED_EDGE('',*,*,#1415,.T.);
#3322 = ORIENTED_EDGE('',*,*,#1872,.F.);
#3323 = PLANE('',#3324);
#3324 = AXIS2_PLACEMENT_3D('',#3325,#3326,#3327);
#3325 = CARTESIAN_POINT('',(10.132437089153,11.778959363181,0.));
#3326 = DIRECTION('',(0.271440449865,-0.962455236454,0.));
#3327 = DIRECTION('',(-0.962455236454,-0.271440449865,0.));
#3328 = ADVANCED_FACE('',(#3329),#3348,.T.);
#3329 = FACE_BOUND('',#3330,.T.);
#3330 = EDGE_LOOP('',(#3331,#3340,#3346,#3347));
#3331 = ORIENTED_EDGE('',*,*,#3332,.F.);
#3332 = EDGE_CURVE('',#3333,#3308,#3335,.T.);
#3333 = VERTEX_POINT('',#3334);
#3334 = CARTESIAN_POINT('',(10.748524279678,11.901506724761,
    17.164210831099));
#3335 = ELLIPSE('',#3336,2.548977895521,2.5);
#3336 = AXIS2_PLACEMENT_3D('',#3337,#3338,#3339);
#3337 = CARTESIAN_POINT('',(12.,12.150440723008,15.));
#3338 = DIRECTION('',(0.195090322016,-0.980785280403,0.));
#3339 = DIRECTION('',(-0.980785280403,-0.195090322016,0.));
#3340 = ORIENTED_EDGE('',*,*,#3341,.T.);
#3341 = EDGE_CURVE('',#3333,#1400,#3342,.T.);
#3342 = LINE('',#3343,#3344);
#3343 = CARTESIAN_POINT('',(10.748524279678,11.901506724761,0.));
#3344 = VECTOR('',#3345,1.);
#3345 = DIRECTION('',(0.,0.,1.));
#3346 = ORIENTED_EDGE('',*,*,#1407,.T.);
#3347 = ORIENTED_EDGE('',*,*,#3316,.F.);
#3348 = PLANE('',#3349);
#3349 = AXIS2_PLACEMENT_3D('',#3350,#3351,#3352);
#3350 = CARTESIAN_POINT('',(10.748524279678,11.901506724761,0.));
#3351 = DIRECTION('',(0.195090322016,-0.980785280403,0.));
#3352 = DIRECTION('',(-0.980785280403,-0.195090322016,0.));
#3353 = ADVANCED_FACE('',(#3354),#3373,.T.);
#3354 = FACE_BOUND('',#3355,.T.);
#3355 = EDGE_LOOP('',(#3356,#3365,#3371,#3372));
#3356 = ORIENTED_EDGE('',*,*,#3357,.F.);
#3357 = EDGE_CURVE('',#3358,#3333,#3360,.T.);
#3358 = VERTEX_POINT('',#3359);
#3359 = CARTESIAN_POINT('',(11.372327234177,11.975338669865,
    17.419922911798));
#3360 = ELLIPSE('',#3361,2.517449811734,2.5);
#3361 = AXIS2_PLACEMENT_3D('',#3362,#3363,#3364);
#3362 = CARTESIAN_POINT('',(12.,12.049628637322,15.));
#3363 = DIRECTION('',(0.117537397458,-0.993068456955,0.));
#3364 = DIRECTION('',(-0.993068456955,-0.117537397458,0.));
#3365 = ORIENTED_EDGE('',*,*,#3366,.T.);
#3366 = EDGE_CURVE('',#3358,#1392,#3367,.T.);
#3367 = LINE('',#3368,#3369);
#3368 = CARTESIAN_POINT('',(11.372327234177,11.975338669865,0.));
#3369 = VECTOR('',#3370,1.);
#3370 = DIRECTION('',(0.,0.,1.));
#3371 = ORIENTED_EDGE('',*,*,#1399,.T.);
#3372 = ORIENTED_EDGE('',*,*,#3341,.F.);
#3373 = PLANE('',#3374);
#3374 = AXIS2_PLACEMENT_3D('',#3375,#3376,#3377);
#3375 = CARTESIAN_POINT('',(11.372327234177,11.975338669865,0.));
#3376 = DIRECTION('',(0.117537397458,-0.993068456955,0.));
#3377 = DIRECTION('',(-0.993068456955,-0.117537397458,0.));
#3378 = ADVANCED_FACE('',(#3379),#3398,.T.);
#3379 = FACE_BOUND('',#3380,.T.);
#3380 = EDGE_LOOP('',(#3381,#3390,#3396,#3397));
#3381 = ORIENTED_EDGE('',*,*,#3382,.F.);
#3382 = EDGE_CURVE('',#3383,#3358,#3385,.T.);
#3383 = VERTEX_POINT('',#3384);
#3384 = CARTESIAN_POINT('',(12.,12.,17.5));
#3385 = ELLIPSE('',#3386,2.501928896507,2.5);
#3386 = AXIS2_PLACEMENT_3D('',#3387,#3388,#3389);
#3387 = CARTESIAN_POINT('',(12.,12.,15.));
#3388 = DIRECTION('',(3.925981575907E-02,-0.999229036241,0.));
#3389 = DIRECTION('',(-0.999229036241,-3.925981575907E-02,0.));
#3390 = ORIENTED_EDGE('',*,*,#3391,.T.);
#3391 = EDGE_CURVE('',#3383,#1384,#3392,.T.);
#3392 = LINE('',#3393,#3394);
#3393 = CARTESIAN_POINT('',(12.,12.,0.));
#3394 = VECTOR('',#3395,1.);
#3395 = DIRECTION('',(0.,0.,1.));
#3396 = ORIENTED_EDGE('',*,*,#1391,.T.);
#3397 = ORIENTED_EDGE('',*,*,#3366,.F.);
#3398 = PLANE('',#3399);
#3399 = AXIS2_PLACEMENT_3D('',#3400,#3401,#3402);
#3400 = CARTESIAN_POINT('',(12.,12.,0.));
#3401 = DIRECTION('',(3.925981575907E-02,-0.999229036241,0.));
#3402 = DIRECTION('',(-0.999229036241,-3.925981575907E-02,0.));
#3403 = ADVANCED_FACE('',(#3404),#3423,.T.);
#3404 = FACE_BOUND('',#3405,.T.);
#3405 = EDGE_LOOP('',(#3406,#3415,#3421,#3422));
#3406 = ORIENTED_EDGE('',*,*,#3407,.F.);
#3407 = EDGE_CURVE('',#3408,#3383,#3410,.T.);
#3408 = VERTEX_POINT('',#3409);
#3409 = CARTESIAN_POINT('',(12.627672765823,11.975338669865,
    17.419922911798));
#3410 = ELLIPSE('',#3411,2.501928896507,2.5);
#3411 = AXIS2_PLACEMENT_3D('',#3412,#3413,#3414);
#3412 = CARTESIAN_POINT('',(12.,12.,15.));
#3413 = DIRECTION('',(-3.925981575907E-02,-0.999229036241,0.));
#3414 = DIRECTION('',(0.999229036241,-3.925981575907E-02,0.));
#3415 = ORIENTED_EDGE('',*,*,#3416,.T.);
#3416 = EDGE_CURVE('',#3408,#1376,#3417,.T.);
#3417 = LINE('',#3418,#3419);
#3418 = CARTESIAN_POINT('',(12.627672765823,11.975338669865,0.));
#3419 = VECTOR('',#3420,1.);
#3420 = DIRECTION('',(0.,0.,1.));
#3421 = ORIENTED_EDGE('',*,*,#1383,.T.);
#3422 = ORIENTED_EDGE('',*,*,#3391,.F.);
#3423 = PLANE('',#3424);
#3424 = AXIS2_PLACEMENT_3D('',#3425,#3426,#3427);
#3425 = CARTESIAN_POINT('',(12.627672765823,11.975338669865,0.));
#3426 = DIRECTION('',(-3.925981575907E-02,-0.999229036241,0.));
#3427 = DIRECTION('',(-0.999229036241,3.925981575907E-02,0.));
#3428 = ADVANCED_FACE('',(#3429),#3448,.T.);
#3429 = FACE_BOUND('',#3430,.T.);
#3430 = EDGE_LOOP('',(#3431,#3440,#3446,#3447));
#3431 = ORIENTED_EDGE('',*,*,#3432,.F.);
#3432 = EDGE_CURVE('',#3433,#3408,#3435,.T.);
#3433 = VERTEX_POINT('',#3434);
#3434 = CARTESIAN_POINT('',(13.251475720322,11.901506724761,
    17.164210831099));
#3435 = ELLIPSE('',#3436,2.517449811734,2.5);
#3436 = AXIS2_PLACEMENT_3D('',#3437,#3438,#3439);
#3437 = CARTESIAN_POINT('',(12.,12.049628637322,15.));
#3438 = DIRECTION('',(-0.117537397458,-0.993068456955,0.));
#3439 = DIRECTION('',(0.993068456955,-0.117537397458,0.));
#3440 = ORIENTED_EDGE('',*,*,#3441,.T.);
#3441 = EDGE_CURVE('',#3433,#1368,#3442,.T.);
#3442 = LINE('',#3443,#3444);
#3443 = CARTESIAN_POINT('',(13.251475720322,11.901506724761,0.));
#3444 = VECTOR('',#3445,1.);
#3445 = DIRECTION('',(0.,0.,1.));
#3446 = ORIENTED_EDGE('',*,*,#1375,.T.);
#3447 = ORIENTED_EDGE('',*,*,#3416,.F.);
#3448 = PLANE('',#3449);
#3449 = AXIS2_PLACEMENT_3D('',#3450,#3451,#3452);
#3450 = CARTESIAN_POINT('',(13.251475720322,11.901506724761,0.));
#3451 = DIRECTION('',(-0.117537397458,-0.993068456955,0.));
#3452 = DIRECTION('',(-0.993068456955,0.117537397458,0.));
#3453 = ADVANCED_FACE('',(#3454),#3473,.T.);
#3454 = FACE_BOUND('',#3455,.T.);
#3455 = EDGE_LOOP('',(#3456,#3465,#3471,#3472));
#3456 = ORIENTED_EDGE('',*,*,#3457,.F.);
#3457 = EDGE_CURVE('',#3458,#3433,#3460,.T.);
#3458 = VERTEX_POINT('',#3459);
#3459 = CARTESIAN_POINT('',(13.867562910847,11.778959363181,
    16.661989402502));
#3460 = ELLIPSE('',#3461,2.548977895521,2.5);
#3461 = AXIS2_PLACEMENT_3D('',#3462,#3463,#3464);
#3462 = CARTESIAN_POINT('',(12.,12.150440723008,15.));
#3463 = DIRECTION('',(-0.195090322016,-0.980785280403,0.));
#3464 = DIRECTION('',(0.980785280403,-0.195090322016,0.));
#3465 = ORIENTED_EDGE('',*,*,#3466,.T.);
#3466 = EDGE_CURVE('',#3458,#1360,#3467,.T.);
#3467 = LINE('',#3468,#3469);
#3468 = CARTESIAN_POINT('',(13.867562910847,11.778959363181,0.));
#3469 = VECTOR('',#3470,1.);
#3470 = DIRECTION('',(0.,0.,1.));
#3471 = ORIENTED_EDGE('',*,*,#1367,.T.);
#3472 = ORIENTED_EDGE('',*,*,#3441,.F.);
#3473 = PLANE('',#3474);
#3474 = AXIS2_PLACEMENT_3D('',#3475,#3476,#3477);
#3475 = CARTESIAN_POINT('',(13.867562910847,11.778959363181,0.));
#3476 = DIRECTION('',(-0.195090322016,-0.980785280403,0.));
#3477 = DIRECTION('',(-0.980785280403,0.195090322016,0.));
#3478 = ADVANCED_FACE('',(#3479),#3491,.T.);
#3479 = FACE_BOUND('',#3480,.T.);
#3480 = EDGE_LOOP('',(#3481,#3488,#3489,#3490));
#3481 = ORIENTED_EDGE('',*,*,#3482,.F.);
#3482 = EDGE_CURVE('',#2097,#3458,#3483,.T.);
#3483 = ELLIPSE('',#3484,2.597523401932,2.5);
#3484 = AXIS2_PLACEMENT_3D('',#3485,#3486,#3487);
#3485 = CARTESIAN_POINT('',(12.,12.30566657768,15.));
#3486 = DIRECTION('',(-0.271440449865,-0.962455236454,0.));
#3487 = DIRECTION('',(0.962455236454,-0.271440449865,0.));
#3488 = ORIENTED_EDGE('',*,*,#2096,.T.);
#3489 = ORIENTED_EDGE('',*,*,#1359,.T.);
#3490 = ORIENTED_EDGE('',*,*,#3466,.F.);
#3491 = PLANE('',#3492);
#3492 = AXIS2_PLACEMENT_3D('',#3493,#3494,#3495);
#3493 = CARTESIAN_POINT('',(14.472135955,11.608452130361,0.));
#3494 = DIRECTION('',(-0.271440449865,-0.962455236454,0.));
#3495 = DIRECTION('',(-0.962455236454,0.271440449865,0.));
#3496 = ADVANCED_FACE('',(#3497),#3508,.T.);
#3497 = FACE_BOUND('',#3498,.F.);
#3498 = EDGE_LOOP('',(#3499,#3500,#3501,#3502));
#3499 = ORIENTED_EDGE('',*,*,#2409,.T.);
#3500 = ORIENTED_EDGE('',*,*,#1207,.T.);
#3501 = ORIENTED_EDGE('',*,*,#2460,.F.);
#3502 = ORIENTED_EDGE('',*,*,#3503,.F.);
#3503 = EDGE_CURVE('',#2402,#2461,#3504,.T.);
#3504 = LINE('',#3505,#3506);
#3505 = CARTESIAN_POINT('',(110.,-1.,20.));
#3506 = VECTOR('',#3507,1.);
#3507 = DIRECTION('',(0.,1.,0.));
#3508 = CYLINDRICAL_SURFACE('',#3509,10.);
#3509 = AXIS2_PLACEMENT_3D('',#3510,#3511,#3512);
#3510 = CARTESIAN_POINT('',(100.,-1.,20.));
#3511 = DIRECTION('',(-0.,-1.,-0.));
#3512 = DIRECTION('',(0.,-0.,1.));
#3513 = ADVANCED_FACE('',(#3514),#3533,.T.);
#3514 = FACE_BOUND('',#3515,.T.);
#3515 = EDGE_LOOP('',(#3516,#3525,#3531,#3532));
#3516 = ORIENTED_EDGE('',*,*,#3517,.F.);
#3517 = EDGE_CURVE('',#3518,#2664,#3520,.T.);
#3518 = VERTEX_POINT('',#3519);
#3519 = CARTESIAN_POINT('',(13.847778991674,15.856884616033,
    16.683957481034));
#3520 = ELLIPSE('',#3521,2.541396489312,2.5);
#3521 = AXIS2_PLACEMENT_3D('',#3522,#3523,#3524);
#3522 = CARTESIAN_POINT('',(12.,16.194534962419,15.));
#3523 = DIRECTION('',(0.179756563774,0.983711125168,0.));
#3524 = DIRECTION('',(0.983711125168,-0.179756563774,0.));
#3525 = ORIENTED_EDGE('',*,*,#3526,.T.);
#3526 = EDGE_CURVE('',#3518,#1096,#3527,.T.);
#3527 = LINE('',#3528,#3529);
#3528 = CARTESIAN_POINT('',(13.847778991674,15.856884616033,0.));
#3529 = VECTOR('',#3530,1.);
#3530 = DIRECTION('',(0.,0.,1.));
#3531 = ORIENTED_EDGE('',*,*,#1103,.T.);
#3532 = ORIENTED_EDGE('',*,*,#2672,.F.);
#3533 = PLANE('',#3534);
#3534 = AXIS2_PLACEMENT_3D('',#3535,#3536,#3537);
#3535 = CARTESIAN_POINT('',(13.847778991674,15.856884616033,0.));
#3536 = DIRECTION('',(0.179756563774,0.983711125168,-0.));
#3537 = DIRECTION('',(0.983711125168,-0.179756563774,0.));
#3538 = ADVANCED_FACE('',(#3539),#3558,.T.);
#3539 = FACE_BOUND('',#3540,.T.);
#3540 = EDGE_LOOP('',(#3541,#3550,#3556,#3557));
#3541 = ORIENTED_EDGE('',*,*,#3542,.F.);
#3542 = EDGE_CURVE('',#3543,#3518,#3545,.T.);
#3543 = VERTEX_POINT('',#3544);
#3544 = CARTESIAN_POINT('',(13.225603461255,15.93724826565,
    17.178966763344));
#3545 = ELLIPSE('',#3546,2.520768411364,2.5);
#3546 = AXIS2_PLACEMENT_3D('',#3547,#3548,#3549);
#3547 = CARTESIAN_POINT('',(12.,16.09555402072,15.));
#3548 = DIRECTION('',(0.128101373283,0.991761079173,0.));
#3549 = DIRECTION('',(0.991761079173,-0.128101373283,0.));
#3550 = ORIENTED_EDGE('',*,*,#3551,.T.);
#3551 = EDGE_CURVE('',#3543,#1088,#3552,.T.);
#3552 = LINE('',#3553,#3554);
#3553 = CARTESIAN_POINT('',(13.225603461255,15.93724826565,0.));
#3554 = VECTOR('',#3555,1.);
#3555 = DIRECTION('',(0.,0.,1.));
#3556 = ORIENTED_EDGE('',*,*,#1095,.T.);
#3557 = ORIENTED_EDGE('',*,*,#3526,.F.);
#3558 = PLANE('',#3559);
#3559 = AXIS2_PLACEMENT_3D('',#3560,#3561,#3562);
#3560 = CARTESIAN_POINT('',(13.225603461255,15.93724826565,0.));
#3561 = DIRECTION('',(0.128101373283,0.991761079173,-0.));
#3562 = DIRECTION('',(0.991761079173,-0.128101373283,0.));
#3563 = ADVANCED_FACE('',(#3564),#3583,.T.);
#3564 = FACE_BOUND('',#3565,.T.);
#3565 = EDGE_LOOP('',(#3566,#3575,#3581,#3582));
#3566 = ORIENTED_EDGE('',*,*,#3567,.F.);
#3567 = EDGE_CURVE('',#3568,#3543,#3570,.T.);
#3568 = VERTEX_POINT('',#3569);
#3569 = CARTESIAN_POINT('',(12.600078282473,15.984986693981,
    17.426912865124));
#3570 = ELLIPSE('',#3571,2.507269853555,2.5);
#3571 = AXIS2_PLACEMENT_3D('',#3572,#3573,#3574);
#3572 = CARTESIAN_POINT('',(12.,16.030783082444,15.));
#3573 = DIRECTION('',(7.609607399396E-02,0.997100490183,0.));
#3574 = DIRECTION('',(0.997100490183,-7.609607399396E-02,0.));
#3575 = ORIENTED_EDGE('',*,*,#3576,.T.);
#3576 = EDGE_CURVE('',#3568,#1080,#3577,.T.);
#3577 = LINE('',#3578,#3579);
#3578 = CARTESIAN_POINT('',(12.600078282473,15.984986693981,0.));
#3579 = VECTOR('',#3580,1.);
#3580 = DIRECTION('',(0.,0.,1.));
#3581 = ORIENTED_EDGE('',*,*,#1087,.T.);
#3582 = ORIENTED_EDGE('',*,*,#3551,.F.);
#3583 = PLANE('',#3584);
#3584 = AXIS2_PLACEMENT_3D('',#3585,#3586,#3587);
#3585 = CARTESIAN_POINT('',(12.600078282473,15.984986693981,0.));
#3586 = DIRECTION('',(7.609607399396E-02,0.997100490183,-0.));
#3587 = DIRECTION('',(0.997100490183,-7.609607399396E-02,0.));
#3588 = ADVANCED_FACE('',(#3589),#3608,.T.);
#3589 = FACE_BOUND('',#3590,.T.);
#3590 = EDGE_LOOP('',(#3591,#3600,#3606,#3607));
#3591 = ORIENTED_EDGE('',*,*,#3592,.F.);
#3592 = EDGE_CURVE('',#3593,#3568,#3595,.T.);
#3593 = VERTEX_POINT('',#3594);
#3594 = CARTESIAN_POINT('',(11.97291305346,15.999969429016,
    17.499853255159));
#3595 = ELLIPSE('',#3596,2.500713290296,2.5);
#3596 = AXIS2_PLACEMENT_3D('',#3597,#3598,#3599);
#3597 = CARTESIAN_POINT('',(12.,15.999322332328,15.));
#3598 = DIRECTION('',(2.388279953329E-02,0.999714765264,0.));
#3599 = DIRECTION('',(0.999714765264,-2.388279953329E-02,0.));
#3600 = ORIENTED_EDGE('',*,*,#3601,.T.);
#3601 = EDGE_CURVE('',#3593,#1072,#3602,.T.);
#3602 = LINE('',#3603,#3604);
#3603 = CARTESIAN_POINT('',(11.97291305346,15.999969429016,0.));
#3604 = VECTOR('',#3605,1.);
#3605 = DIRECTION('',(0.,0.,1.));
#3606 = ORIENTED_EDGE('',*,*,#1079,.T.);
#3607 = ORIENTED_EDGE('',*,*,#3576,.F.);
#3608 = PLANE('',#3609);
#3609 = AXIS2_PLACEMENT_3D('',#3610,#3611,#3612);
#3610 = CARTESIAN_POINT('',(11.97291305346,15.999969429016,0.));
#3611 = DIRECTION('',(2.388279953329E-02,0.999714765264,-0.));
#3612 = DIRECTION('',(0.999714765264,-2.388279953329E-02,0.));
#3613 = ADVANCED_FACE('',(#3614),#3633,.T.);
#3614 = FACE_BOUND('',#3615,.T.);
#3615 = EDGE_LOOP('',(#3616,#3625,#3631,#3632));
#3616 = ORIENTED_EDGE('',*,*,#3617,.F.);
#3617 = EDGE_CURVE('',#3618,#3593,#3620,.T.);
#3618 = VERTEX_POINT('',#3619);
#3619 = CARTESIAN_POINT('',(11.345821854711,15.982155522035,
    17.41289265286));
#3620 = ELLIPSE('',#3621,2.50100850806,2.5);
#3621 = AXIS2_PLACEMENT_3D('',#3622,#3623,#3624);
#3622 = CARTESIAN_POINT('',(12.,16.000738893405,15.));
#3623 = DIRECTION('',(-2.839574806255E-02,0.999596759445,0.));
#3624 = DIRECTION('',(-0.999596759445,-2.839574806255E-02,0.));
#3625 = ORIENTED_EDGE('',*,*,#3626,.T.);
#3626 = EDGE_CURVE('',#3618,#1064,#3627,.T.);
#3627 = LINE('',#3628,#3629);
#3628 = CARTESIAN_POINT('',(11.345821854711,15.982155522035,0.));
#3629 = VECTOR('',#3630,1.);
#3630 = DIRECTION('',(0.,0.,1.));
#3631 = ORIENTED_EDGE('',*,*,#1071,.T.);
#3632 = ORIENTED_EDGE('',*,*,#3601,.F.);
#3633 = PLANE('',#3634);
#3634 = AXIS2_PLACEMENT_3D('',#3635,#3636,#3637);
#3635 = CARTESIAN_POINT('',(11.345821854711,15.982155522035,0.));
#3636 = DIRECTION('',(-2.839574806255E-02,0.999596759445,0.));
#3637 = DIRECTION('',(0.999596759445,2.839574806255E-02,0.));
#3638 = ADVANCED_FACE('',(#3639),#3658,.T.);
#3639 = FACE_BOUND('',#3640,.T.);
#3640 = EDGE_LOOP('',(#3641,#3650,#3656,#3657));
#3641 = ORIENTED_EDGE('',*,*,#3642,.F.);
#3642 = EDGE_CURVE('',#3643,#3618,#3645,.T.);
#3643 = VERTEX_POINT('',#3644);
#3644 = CARTESIAN_POINT('',(10.720518564387,15.931593659521,
    17.147772626681));
#3645 = ELLIPSE('',#3646,2.508159556604,2.5);
#3646 = AXIS2_PLACEMENT_3D('',#3647,#3648,#3649);
#3647 = CARTESIAN_POINT('',(12.,16.035052197861,15.));
#3648 = DIRECTION('',(-8.059668836201E-02,0.996746795242,0.));
#3649 = DIRECTION('',(-0.996746795242,-8.059668836201E-02,0.));
#3650 = ORIENTED_EDGE('',*,*,#3651,.T.);
#3651 = EDGE_CURVE('',#3643,#1056,#3652,.T.);
#3652 = LINE('',#3653,#3654);
#3653 = CARTESIAN_POINT('',(10.720518564387,15.931593659521,0.));
#3654 = VECTOR('',#3655,1.);
#3655 = DIRECTION('',(0.,0.,1.));
#3656 = ORIENTED_EDGE('',*,*,#1063,.T.);
#3657 = ORIENTED_EDGE('',*,*,#3626,.F.);
#3658 = PLANE('',#3659);
#3659 = AXIS2_PLACEMENT_3D('',#3660,#3661,#3662);
#3660 = CARTESIAN_POINT('',(10.720518564387,15.931593659521,0.));
#3661 = DIRECTION('',(-8.059668836201E-02,0.996746795242,0.));
#3662 = DIRECTION('',(0.996746795242,8.059668836201E-02,0.));
#3663 = ADVANCED_FACE('',(#3664),#3676,.T.);
#3664 = FACE_BOUND('',#3665,.T.);
#3665 = EDGE_LOOP('',(#3666,#3673,#3674,#3675));
#3666 = ORIENTED_EDGE('',*,*,#3667,.F.);
#3667 = EDGE_CURVE('',#2881,#3643,#3668,.T.);
#3668 = ELLIPSE('',#3669,2.522264885221,2.5);
#3669 = AXIS2_PLACEMENT_3D('',#3670,#3671,#3672);
#3670 = CARTESIAN_POINT('',(12.,16.102734640842,15.));
#3671 = DIRECTION('',(-0.132577353039,0.991172661781,0.));
#3672 = DIRECTION('',(-0.991172661781,-0.132577353039,0.));
#3673 = ORIENTED_EDGE('',*,*,#2880,.T.);
#3674 = ORIENTED_EDGE('',*,*,#1055,.T.);
#3675 = ORIENTED_EDGE('',*,*,#3651,.F.);
#3676 = PLANE('',#3677);
#3677 = AXIS2_PLACEMENT_3D('',#3678,#3679,#3680);
#3678 = CARTESIAN_POINT('',(10.098712174189,15.848422030103,0.));
#3679 = DIRECTION('',(-0.132577353039,0.991172661781,0.));
#3680 = DIRECTION('',(0.991172661781,0.132577353039,0.));
#3681 = ADVANCED_FACE('',(#3682),#3726,.F.);
#3682 = FACE_BOUND('',#3683,.F.);
#3683 = EDGE_LOOP('',(#3684,#3685,#3691,#3692,#3693,#3694,#3695,#3696,
    #3697,#3698,#3699,#3700,#3701,#3702,#3703,#3704,#3705,#3706,#3707,
    #3708,#3709,#3710,#3711,#3712,#3713,#3714,#3715,#3716,#3717,#3718,
    #3719,#3720,#3721,#3722,#3723,#3724,#3725));
#3684 = ORIENTED_EDGE('',*,*,#1997,.F.);
#3685 = ORIENTED_EDGE('',*,*,#3686,.F.);
#3686 = EDGE_CURVE('',#2773,#1965,#3687,.T.);
#3687 = LINE('',#3688,#3689);
#3688 = CARTESIAN_POINT('',(12.,17.,12.5));
#3689 = VECTOR('',#3690,1.);
#3690 = DIRECTION('',(0.,-1.,0.));
#3691 = ORIENTED_EDGE('',*,*,#2781,.F.);
#3692 = ORIENTED_EDGE('',*,*,#2747,.F.);
#3693 = ORIENTED_EDGE('',*,*,#2722,.F.);
#3694 = ORIENTED_EDGE('',*,*,#2697,.F.);
#3695 = ORIENTED_EDGE('',*,*,#2663,.F.);
#3696 = ORIENTED_EDGE('',*,*,#3517,.F.);
#3697 = ORIENTED_EDGE('',*,*,#3542,.F.);
#3698 = ORIENTED_EDGE('',*,*,#3567,.F.);
#3699 = ORIENTED_EDGE('',*,*,#3592,.F.);
#3700 = ORIENTED_EDGE('',*,*,#3617,.F.);
#3701 = ORIENTED_EDGE('',*,*,#3642,.F.);
#3702 = ORIENTED_EDGE('',*,*,#3667,.F.);
#3703 = ORIENTED_EDGE('',*,*,#2888,.F.);
#3704 = ORIENTED_EDGE('',*,*,#2856,.F.);
#3705 = ORIENTED_EDGE('',*,*,#2831,.F.);
#3706 = ORIENTED_EDGE('',*,*,#2806,.F.);
#3707 = ORIENTED_EDGE('',*,*,#2772,.F.);
#3708 = ORIENTED_EDGE('',*,*,#3686,.T.);
#3709 = ORIENTED_EDGE('',*,*,#1972,.F.);
#3710 = ORIENTED_EDGE('',*,*,#1947,.F.);
#3711 = ORIENTED_EDGE('',*,*,#1922,.F.);
#3712 = ORIENTED_EDGE('',*,*,#1897,.F.);
#3713 = ORIENTED_EDGE('',*,*,#1863,.F.);
#3714 = ORIENTED_EDGE('',*,*,#3307,.F.);
#3715 = ORIENTED_EDGE('',*,*,#3332,.F.);
#3716 = ORIENTED_EDGE('',*,*,#3357,.F.);
#3717 = ORIENTED_EDGE('',*,*,#3382,.F.);
#3718 = ORIENTED_EDGE('',*,*,#3407,.F.);
#3719 = ORIENTED_EDGE('',*,*,#3432,.F.);
#3720 = ORIENTED_EDGE('',*,*,#3457,.F.);
#3721 = ORIENTED_EDGE('',*,*,#3482,.F.);
#3722 = ORIENTED_EDGE('',*,*,#2104,.F.);
#3723 = ORIENTED_EDGE('',*,*,#2072,.F.);
#3724 = ORIENTED_EDGE('',*,*,#2047,.F.);
#3725 = ORIENTED_EDGE('',*,*,#2022,.F.);
#3726 = CYLINDRICAL_SURFACE('',#3727,2.5);
#3727 = AXIS2_PLACEMENT_3D('',#3728,#3729,#3730);
#3728 = CARTESIAN_POINT('',(12.,17.,15.));
#3729 = DIRECTION('',(0.,-1.,0.));
#3730 = DIRECTION('',(0.,-0.,-1.));
#3731 = ADVANCED_FACE('',(#3732),#3738,.T.);
#3732 = FACE_BOUND('',#3733,.T.);
#3733 = EDGE_LOOP('',(#3734,#3735,#3736,#3737));
#3734 = ORIENTED_EDGE('',*,*,#2428,.T.);
#3735 = ORIENTED_EDGE('',*,*,#2469,.T.);
#3736 = ORIENTED_EDGE('',*,*,#3503,.F.);
#3737 = ORIENTED_EDGE('',*,*,#2401,.F.);
#3738 = PLANE('',#3739);
#3739 = AXIS2_PLACEMENT_3D('',#3740,#3741,#3742);
#3740 = CARTESIAN_POINT('',(110.,4.,0.));
#3741 = DIRECTION('',(1.,0.,-0.));
#3742 = DIRECTION('',(0.,-1.,0.));
#3743 = ( GEOMETRIC_REPRESENTATION_CONTEXT(3) 
GLOBAL_UNCERTAINTY_ASSIGNED_CONTEXT((#3747)) 
GLOBAL_UNIT_ASSIGNED_CONTEXT((#3744,#3745,#3746)) REPRESENTATION_CONTEXT
('Context #1','3D Context with UNIT and UNCERTAINTY') );
#3744 = ( LENGTH_UNIT() NAMED_UNIT(*) SI_UNIT(.MILLI.,.METRE.) );
#3745 = ( NAMED_UNIT(*) PLANE_ANGLE_UNIT() SI_UNIT($,.RADIAN.) );
#3746 = ( NAMED_UNIT(*) SI_UNIT($,.STERADIAN.) SOLID_ANGLE_UNIT() );
#3747 = UNCERTAINTY_MEASURE_WITH_UNIT(LENGTH_MEASURE(1.E-07),#3744,
  'distance_accuracy_value','confusion accuracy');
#3748 = PRODUCT_RELATED_PRODUCT_CATEGORY('part',$,(#7));
ENDSEC;
END-ISO-10303-21;
